PredictionDate,track,race,horse,driver,pp,postrtg_fast,driverrating,Combined_Post_Driver_Rating,HER_RaceRank_Value,HER_Index_Value,TopSeparationRaw_Value,TopGap2_Value,Rule_HER_RaceRank,Rule_HER_Index,Rule_TopSeparationRaw,Rule_TopGap2,FavoritePredictionScore,Predicted_OffOdds_Below_1_6,Probability_AtOrBelow_TargetPct,HER_RaceRank_RequiredEq,HER_Index_RequiredMinExclusive,TopSeparationRaw_RequiredMinExclusive,TopGap2_RequiredMinExclusive,racedate,posttime,gait,purse,tcr,condition,power,pace,speed,class,avgspd,bestspd,avgcr,dayssince,avgfinalodds_to1,avgfinalodds_dec,avgfinalodds_used,formstring,itm_pct,fp_grit_count,fp_gain_count,fp_outsideboard_count,fp_improve_count,fp_finishbonus_sum,fp_pp_dates_used,formpoints,avgwinclass,medianpurse10,avgcr_10,mediancr_10,classvstoday,earlyspeedpoints,earlyspeedstarts,earlyspeedrating,pp_power_last,sourcexml,powerpoints,pp_pace2,pp_avgcr2,pp_bestspd2,pp_avgspd2,pp_power2,pp_bonus1,fieldstrength,dominanthorse,dominanceindex,fieldstrength_z,pace_z,avgspd_z,bestspd_z,avgcr_z,power_z,driverrating_z,postrtg_z,earlyspeedrating_z,postrtg_z.1,layoff_tier,layoff_label,rank_formpoints,rank_powerpoints,rank_avgcr,rank_bestspd,rank_earlyspeed,rank_power,rank_speed,rank_pace,indexvalue,morningline,ml_decimal,odds_morning_dec,superfav_prob,superfav_probpct,superfav_flag,harnesselite_line_prob,harnesselite_line_odds,ml_impliedprob,prob_delta,overlayflag,date,gait_race,leadthreatindex,racetype,condition_race,tcr_race,purse_race,fieldsize,fieldstrength_race,below2.0count,below3.0count,below5.0count,cluster2.5to6count,oddssd,top5range,oddsrange,competitiveclusterflag,classtag,adjustedpoints,classband,racedate_race,date.1,improvementflag,SituationScore,AvgSpd10-ES,FieldPaceMean-ES,Advantage-ES,ValuePlay,ClassChange,CompetitivenessIndex,ReboundScore,TrendBase,LastOutDelta,TrendDirection,Trend2Back,Trend3Back,ContinuationScore,FormAlertScore,FormAlertRankInRace,FormAlertLabel,UP_Flag,Is1UP,Is2UP,Is3UP,HER_raw,HER_Index,HER_Rank,HER_RaceRank,HER_RacePct,HER_Dominance,HER_WinProb,HER_ImpliedProb,HER_Overlay,TopHorseRank,TopHorseRaceRank,TopHorseScore,BaseTopHorseScore,ContenderLabel,TopGap2,TopGap3,TopSeparationRaw,top_gap2_score,top_gap3_score,top_separation_score,DistanceFromRaceLeader,superfav_probpct_num,_horse_norm,_dominant_norm,is_dominant_horse,dayssince_14_or_less,ml_odds_score,he_line_odds_score,superfav_score,dominant_flag_score,dominance_index_score,dayssince_score,her_winprob_score,her_index_score,her_rank_score,her_racerank_score,racedate.1,Pred_OffOdds,Pred_Place Pool%,Pred_Show Pool %,Pred_ImpliedProb,ML_Prob,HE_Prob_Raw,HE_Prob_Market,HE_Prob_Tilted,HE_Adjusted_Odds_PreRound,HE_Adjusted_Odds_Rounded,HE_Adjusted_Prob_FromRounded,HE_Adjusted_Prob,HE_Adjusted_Odds,HE_Adjusted,ML_Market_Total,HE_Raw_Market_Total,HE_Adjusted_Market_Total,Probability_AtOrBelow_Target
2026-08-03,DRES,1,Tea Toddler Dot,"Wray, Scott A",4,0.0,-1.0,-1.0,1,762.9,3.8177,3.3968000000000007,Y,Y,Y,Y,4,Y,31.8,1.0,700.0,2.5,1.0,2026-08-03,1:00,PACE,4400.0,59.0,CLAIMING $8000. (W-ALL) - FOR N/W $2000. LAST 5,61.9,55.2,64.0,64.0,64.0,67.0,64.0,22,19.97,20.97,"37.70,2.70,19.50",251242-8888,40.0,0,0,0,0,0,"2026-07-12,2026-07-05,2026-06-27",0,63.5,5.25,63.6,63.0,4.600000000000001,14,10,1.4,60.7,dre20260803hmpXML.xml,9,0,2,2,2,2,1,116.66666666666666,Tea Toddler Dot,4.133333333333333,-0.1775418247447867,-0.7288208162652757,-0.3380680661075568,1.884637777361886,2.0615974288869374,0.4572336271774756,-2.141444092077357,-0.5153061068483958,1.7147762141264158,0.0,2.0,Layoff,8.0,1.0,1.0,1.0,1.0,3.0,1.0,3.0,8.0,2/1,3.0,3.0,0.087093146160396,8.7%,False,0.1956870206662373,5.1102009555636005,0.3333333333333333,-0.1376463126670959,Underlay,2026-08-03,PACE,,Chalk,CLAIMING $8000. (W-ALL) - FOR N/W $2000. LAST 5,59.0,4400.0,9,116.66666666666666,0,0,0,1,22.105,21.974,58.272,False,Claimer,61,Mid,20260803,20260803,,-0.412,60.0,52.67,7.33,,,28.0,,62.1,-9.099999999999994,BelowTrend,,,-9.099999999999994,-7.769999999999995,9.0,Strong Declining,,False,False,False,31.971842306520507,762.9,19,1,1.0,16.874615551019275,0.9526,0.3333,0.6193,70,1,14.4008,12.9327,Prime Standout,3.3968000000000007,4.599500000000001,3.8177,0.6939467609144213,0.7062788876433826,0.6990844167734847,0.0,0.087,tea toddler dot,tea toddler dot,1,0,0.9333333333333332,0.962397513020916,0.087,1.0,0.6382978723404258,0.0,1.0,0.8675504322766571,0.9823008849557522,1.0,,4.334721875000002,28.168333333333337,25.741666666666656,0.2306953084504411,33.333333333333336,19.56870206662373,29.244993256269392,30.055605589957736,3.327166365046136,3.5,28.571428571428573,28.554298732962952,3.502099664053751,3.5,251.99080897100703,66.9129990735378,100.0,0.3178294573643411
2026-08-03,DRES,6,Bet The Macks,"House, Lorne S",3,0.0,1.0,1.0,1,727.2,4.3962,4.176399999999999,Y,Y,Y,Y,4,Y,31.8,1.0,700.0,2.5,1.0,2026-08-03,2:40,PACE,5500.0,47.0,N/W $3000. (FM $3750.) OR A RACE LIFETIME (W-ALL),61.3,43.3,55.0,53.0,55.0,60.0,53.0,5,11.0,12.0,"0.65,30.50,1.85",122732,83.0,0,1,0,2,3,"2026-07-29,2026-07-22,2026-07-12",6,50.75,5.25,53.17,51.5,6.170000000000002,1,6,0.167,64.6,dre20260803hmpXML.xml,9,0,2,2,2,2,1,97.66666666666666,Bet The Macks,2.500000000000002,-1.5735216096908584,-1.4306053573077138,-0.8542119790683026,1.5873671539758376,0.9486832980505138,0.499787310555512,-0.3247856872983992,-0.5153061068483958,-0.4235984693871544,-0.2070196678027062,0.0,Fresh,1.0,1.0,2.0,1.0,4.0,2.0,1.0,2.0,16.0,8/5,2.6,2.6,0.1522877003864641,15.2%,False,0.2137614076529003,4.678112906253739,0.3846153846153846,-0.1708539769624842,Underlay,2026-08-03,PACE,,Wide Open,N/W $3000. (FM $3750.) OR A RACE LIFETIME (W-ALL),47.0,5500.0,7,97.66666666666666,0,0,1,2,25.018,11.503,58.704,False,NW Condition,65,Mid,20260803,20260803,,0.002,47.8,38.42333333333333,9.38,,,37.0,,51.46,8.540000000000006,AboveTrend,,,8.540000000000006,9.850000000000009,2.0,Strong Improving,,False,False,False,27.635148789362937,727.2,42,1,1.0,16.58606422488132,0.9526,0.3846,0.568,38,1,15.1938,13.5033,Prime Standout,4.176399999999999,4.8043,4.3962,0.8532145702670125,0.7377270703130998,0.8050173960813038,0.0,0.152,bet the macks,bet the macks,1,1,0.9466666666666668,0.9670179316972164,0.152,1.0,0.3776595744680855,1.0,1.0,0.8263976945244957,0.95968534906588,1.0,,3.1144843948412704,30.39250000000001,30.067916666666644,0.3210804336205271,38.46153846153846,21.376140765290035,28.88901576941553,29.531655401827184,3.386196900896141,3.5,28.571428571428573,29.13068124979159,3.4328067765567765,3.5,146.52070152070152,73.99400843527772,100.0,0.3178294573643411
2026-08-03,DRES,11,Remember The Beach,"Steward, Nicholas",2,1.0,0.0,1.0,1,755.2,4.1246,3.566600000000001,Y,Y,Y,Y,4,Y,31.8,1.0,700.0,2.5,1.0,2026-08-03,4:20,PACE,5000.0,63.0,HORSES & GELDINGS - CLAIMING $8000. (W-ALL) - FOR W/O $1999. LAST 5,63.4,60.2,70.0,76.0,70.0,75.0,76.0,9,8.43,9.43,"15.95,8.35,1.00",6275858149,20.0,0,0,0,0,3,"2026-07-25,2026-07-18,2026-07-11",3,74.5,8.6,75.5,75.5,12.5,21,10,2.1,69.6,dre20260803hmpXML.xml,9,0,2,2,2,2,1,123.44444444444444,Remember The Beach,3.7333333333333294,0.3204392681307131,-0.433953362045764,0.0060278758662736,1.9346033336266963,2.5907486929592185,-0.0725377256854808,-1.2331148896878783,0.106973391101387,1.5540080110299153,0.7559289460184544,1.0,Recent,8.0,1.0,1.0,1.0,2.0,5.0,1.0,3.0,13.0,5/2,3.5,3.5,0.2734280576017804,27.3%,False,0.2110633647522588,4.73791366480761,0.2857142857142857,-0.0746509209620268,Underlay,2026-08-03,PACE,,Wide Open,HORSES & GELDINGS - CLAIMING $8000. (W-ALL) - FOR W/O $1999. LAST 5,63.0,5000.0,9,123.44444444444444,0,0,2,3,35.177,14.806,90.575,True,Claimer,62,Mid,20260803,20260803,,0.238,66.1,55.22666666666667,10.87,,,62.0,22.36,68.77,-19.77,BelowTrend,,,-19.77,-18.059999999999995,9.0,Strong Declining,,False,False,False,31.045251446739208,755.2,25,1,1.0,11.29360162045445,0.9526,0.2857,0.6669,21,1,15.5227,13.9366,Prime Standout,3.566600000000001,5.161,4.1246,0.7286359271895241,0.7925003455000537,0.7552829152169932,0.0,0.273,remember the beach,remember the beach,1,1,0.9166666666666666,0.9663784681848132,0.273,1.0,0.5744680851063827,1.0,1.0,0.8586743515850145,0.976401179941003,1.0,,3.763089880952384,32.84083333333332,29.69791666666668,0.2657390685940551,28.571428571428573,21.106336475225884,23.725066293231663,23.974443567584533,4.17110827694906,4.0,25.0,24.81525583578151,4.029779127072646,4.0,260.965167945366,88.96218124055208,100.0,0.3178294573643411
2026-08-03,GRVR,2,Fashion Column,"Young, Scott R",4,3.0,0.0,3.0,1,736.9,3.058,2.7456,Y,Y,Y,Y,4,Y,31.8,1.0,700.0,2.5,1.0,2026-08-03,12:53,PACE,10000.0,53.0,2 YEAR OLD FILLIES: NW 1 RACE LIFETIME.,60.4,47.5,63.0,68.0,63.0,67.0,68.0,7,40.72,41.72,"9.05,25.45,87.65",682,33.0,0,1,0,1,2,"2026-07-27,2026-07-19,2026-07-09",4,62.0,22.0,68.33,65.0,15.329999999999998,3,3,1.0,60.6,grv20260803hmpXML.xml,9,0,2,2,2,2,1,110.16666666666666,Fashion Column,1.6666666666666667,-2.0537216866389505,-1.1829166957633237,-0.3954173897698619,1.380536979925267,0.562939968780601,0.6041689301355045,-1.2331148896878783,1.351532387000953,1.186611131336418,1.3480755514093756,0.0,Fresh,2.0,1.0,2.0,1.0,1.0,1.0,1.0,3.0,16.0,7/2,4.5,4.5,0.2316391450894855,23.2%,False,0.4012505623031939,2.492208345478598,0.2222222222222222,0.1790283400809716,Overlay,2026-08-03,PACE,,Wide Open,2 YEAR OLD FILLIES: NW 1 RACE LIFETIME.,53.0,10000.0,8,110.16666666666666,0,1,1,1,4.355,5.155,15.387,False,NW Condition,66,Mid,20260803,20260803,SLI,0.98,59.67,47.07,12.6,,,32.2,11.05,61.869,-8.869,BelowTrend,,,-8.869,-7.419,8.0,Strong Declining,,False,False,False,28.808720135234125,736.9,32,1,1.0,11.482855630246036,0.9526,0.2222,0.7304,64,1,14.5802,13.4043,Prime Standout,2.7456,3.6382,3.058,0.5609103352468896,0.558665909125808,0.5599707013367514,0.0,0.2319999999999999,fashion column,fashion column,1,1,0.8833333333333333,0.9903923209527102,0.2319999999999999,1.0,0.2446808510638297,1.0,1.0,0.8375792507204611,0.9695181907571288,1.0,,3.777693476190477,31.140416666666656,28.40708333333333,0.2647117894298893,22.22222222222222,40.1250562303194,32.66253975316211,32.735171433210944,3.054818277155763,3.0,33.333333333333336,33.32817708592785,3.000464134062195,3.0,113.83408258408258,122.8473245912692,100.0,0.3178294573643411
2026-08-03,GRVR,4,The Magic Moment,"Ryan, Jason D",5,3.0,2.0,5.0,1,711.6,3.0604,2.4875000000000007,Y,Y,Y,Y,4,Y,31.8,1.0,700.0,2.5,1.0,2026-08-03,1:39,PACE,10000.0,78.0,"HORSES & GELDINGS - N/W $3,000 LAST 4 (STARTERS FOR A PURSE $13,000 OR MORE LAST START N/E). AE: OPT. CLAIMING $12,500 (W-ALL). AE: N/A $850 P/S IN 2026.",83.3,75.2,82.0,81.0,82.0,83.0,81.0,10,33.22,34.22,"2.75,51.35,45.55",144235-6?X7-4,33.0,0,1,0,1,0,"2026-07-24,2026-07-10,2026-05-02",2,79.5,16.0,81.9,81.0,3.9000000000000057,17,10,1.7,76.2,grv20260803hmpXML.xml,9,0,2,2,2,2,1,154.0,The Magic Moment,2.400000000000001,0.4416324205319799,0.4506490006127708,0.6942197598139347,1.3389082705402828,1.4247912233130946,2.145362766923004,0.5835435150910797,1.351532387000953,1.5470771440663431,1.4666666666666668,1.0,Recent,7.0,1.0,1.0,1.0,1.0,1.0,1.0,1.0,16.0,7/2,4.5,4.5,0.875475354878014,87.5%,True,0.3433443824615302,2.912527628472396,0.2222222222222222,0.121122160239308,Overlay,2026-08-03,PACE,,Wide Open,"HORSES & GELDINGS - N/W $3,000 LAST 4 (STARTERS FOR A PURSE $13,000 OR MORE LAST START N/E). AE: OPT. CLAIMING $12,500 (W-ALL). AE: N/A $850 P/S IN 2026.",78.0,10000.0,9,154.0,0,1,1,2,36.686,24.172,92.198,False,Claimer,63,Mid,20260803,20260803,SLI,1.962,78.33,72.73,5.6,Value Play,,45.0,14.72,79.731,-12.730999999999996,BelowTrend,,,-12.730999999999996,-10.590999999999994,8.0,Strong Declining,2UP,False,True,False,25.737319387651244,711.6,60,1,1.0,6.2216322871671785,0.9526,0.2222,0.7304,27,1,15.4237,14.2468,Prime Standout,2.4875000000000007,4.1244,3.0604,0.5081819853316719,0.6333246318504983,0.5604101812854788,0.0,0.875,the magic moment,the magic moment,1,1,0.8833333333333333,0.9858977484500556,0.875,1.0,0.3617021276595746,1.0,1.0,0.8084149855907782,0.9419862340216324,1.0,,3.2426294444444483,33.01083333333332,30.60041666666666,0.3083916978898979,22.22222222222222,34.33443824615302,37.42660456824582,37.22980093349739,2.68602027119692,2.7,37.03703703703704,37.28859906783627,2.681784848448656,2.7,162.3160173160173,91.7380527628298,100.0,0.3178294573643411
2026-08-03,GRVR,5,Debra,"Mcclure, Bob",1,1.0,3.0,4.0,1,723.6,2.7836,2.6716,Y,Y,Y,Y,4,Y,31.8,1.0,700.0,2.5,1.0,2026-08-03,2:02,TROT,15000.0,77.0,"N/W $6,000 (FM $7,000) LAST 4 (STARTERS FOR A PURSE $15,000 OR MORE LAST START N/E). AE: CLAIMING $20,000 (W-ALL).",80.6,74.6,79.0,81.0,79.0,81.0,81.0,14,5.87,6.87,"15.75,0.80,1.05",123-37X3108X14,64.0,0,2,0,0,3,"2026-07-20,2026-07-13,2026-06-15",5,77.33,19.0,80.7,82.5,3.700000000000003,13,10,1.3,76.4,grv20260803hmpXML.xml,9,0,2,2,2,2,1,152.0,Debra,1.2000000000000028,0.3277759593682873,0.4152649061064289,0.5221717888270194,0.9383148632568368,1.477097891751993,1.0098412530374856,1.4918727174805588,0.106973391101387,0.2867939247735367,0.3643993485805122,1.0,Recent,6.0,1.0,1.0,1.0,5.0,2.0,1.0,3.0,18.0,4/1,5.0,5.0,0.8898094057116871,89.0%,True,0.5465079365079365,1.829799593377868,0.2,0.3465079365079365,Overlay,2026-08-03,TROT,,Chalk,"N/W $6,000 (FM $7,000) LAST 4 (STARTERS FOR A PURSE $15,000 OR MORE LAST START N/E). AE: CLAIMING $20,000 (W-ALL).",77.0,15000.0,10,152.0,2,2,2,0,34.67,9.007,93.317,False,Claimer,63,Mid,20260803,20260803,LI,0.836,74.22,71.466,2.75,,,20.7,,76.25399999999999,-4.253999999999991,BelowTrend,,,-4.253999999999991,-2.2239999999999904,4.0,Declining,3UP,False,False,True,27.1922324284714,723.6,44,1,1.0,5.066923906051731,0.9526,0.2,0.7526,40,1,15.139,14.0686,Prime Standout,2.6716,2.9917,2.7836,0.5457925596028519,0.4593922270165686,0.5097234938655923,0.0,0.89,debra,debra,1,1,0.8666666666666667,0.9974756128290756,0.89,1.0,0.1702127659574471,1.0,1.0,0.8222478386167148,0.9577187807276304,1.0,,4.505144466269847,32.989999999999995,29.364166666666662,0.2219684646046381,20.0,54.65079365079366,32.84135947331428,32.74310034099134,3.05407853741966,3.0,33.333333333333336,33.12938720190617,3.018468147042765,3.0,261.3259183061163,166.40843901483723,100.0,0.3178294573643411
2026-08-03,GRVR,8,Tactical Strike,"Macdonald, Mark J",7,-1.0,-1.0,-2.0,1,723.5,3.823,3.7556,Y,Y,Y,Y,4,Y,31.8,1.0,700.0,2.5,1.0,2026-08-03,3:11,TROT,25000.0,79.0,"PREFERRED (W/O $15,000 LAST 4 STARTS N/E). (STARTERS FOR A PURSE OF $20,000 OR MORE LAST START N/E).",86.7,74.5,83.0,85.0,83.0,86.0,85.0,8,15.65,16.65,"2.15,17.50,27.30",3-2157-82561,50.0,0,0,0,0,3,"2026-07-26,2026-07-19,2026-07-13",3,84.0,17.0,84.5,84.5,5.5,13,10,1.3,82.0,grv20260803hmpXML.xml,9,0,2,2,2,2,1,155.2,Tactical Strike,4.666666666666667,0.5099462972301949,0.409367557022039,0.7515690834762397,1.91217842585058,1.716232660642066,2.4171582308759585,-2.141444092077357,-1.1375856047981787,0.8053747133649534,-0.8502651466878618,0.0,Fresh,8.0,1.0,1.0,1.0,2.0,1.0,1.0,6.0,10.0,2/1,3.0,3.0,0.2480952022144369,24.8%,False,0.2194307770216728,4.557245859368358,0.3333333333333333,-0.1139025563116604,Underlay,2026-08-03,TROT,,Wide Open,"PREFERRED (W/O $15,000 LAST 4 STARTS N/E). (STARTERS FOR A PURSE OF $20,000 OR MORE LAST START N/E).",79.0,25000.0,10,155.2,0,0,1,1,19.626,14.209,56.432,False,Open/Preferred,94,Top,20260803,20260803,,-0.908,79.7,73.785,5.92,,,37.0,,81.59,0.4099999999999966,AboveTrend,,,0.4099999999999966,2.619999999999997,2.0,Improving,,False,False,False,27.1832700631468,723.5,45,1,1.0,21.423765392977728,0.9526,0.3333,0.6193,22,1,15.4916,14.0215,Prime Standout,3.7556,3.9481,3.823,0.7672475433614577,0.6062527831948774,0.7000549349935908,0.0,0.248,tactical strike,tactical strike,1,1,0.9333333333333332,0.9683103913282348,0.248,1.0,0.7234042553191493,1.0,1.0,0.8221325648414987,0.9567354965585054,1.0,,3.808939642857143,35.41666666666665,30.63083333333333,0.2625402589078269,33.333333333333336,21.943077702167287,29.132326126459134,29.85713005482204,3.349283732776239,3.5,28.571428571428573,28.705948872965305,3.4835984848484847,3.5,261.3259183061163,75.32209273957604,100.0,0.3178294573643411
2026-08-03,GRVR,11,Money Carlo,"Macdonald, James A",4,3.0,1.0,4.0,1,762.9,2.8348,2.578099999999999,Y,Y,Y,Y,4,Y,31.8,1.0,700.0,2.5,1.0,2026-08-03,4:20,PACE,165000.0,73.0,BATTLE OF THE BELLES: ONTARIO SIRED 2 YEAR OLD FILLY PACE.,81.3,71.6,78.0,75.0,78.0,80.0,75.0,7,0.8,1.8,"0.05,1.80,0.55",1-11,100.0,0,0,0,2,9,"2026-07-27,2026-07-19,2026-07-03",11,75.33,100.0,75.33,76.0,2.3299999999999983,5,3,1.667,86.1,grv20260803hmpXML.xml,9,0,2,2,2,2,1,142.77777777777777,Money Carlo,1.7000000000000028,-0.1972288337754067,0.2383444335747219,0.4648224651647143,1.1975283186939976,0.9855206599818012,0.7841117293030392,-0.3247856872983992,1.351532387000953,0.9994301336081526,1.4666666666666668,0.0,Fresh,2.0,1.0,2.0,1.0,2.0,3.0,1.0,1.0,24.0,6/5,2.2,2.2,0.9360687995946596,93.6%,True,0.4765079365079365,2.0986009327115256,0.4545454545454545,0.0219624819624819,Neutral,2026-08-03,PACE,,Wide Open,BATTLE OF THE BELLES: ONTARIO SIRED 2 YEAR OLD FILLY PACE.,73.0,165000.0,9,142.77777777777777,1,2,3,1,41.709,5.024,93.281,False,"High (Unknown, purse≥13k)",93,Top,20260803,20260803,LI,0.48,77.0,67.43111111111111,9.57,,,35.3,5.61,77.9,-3.9000000000000057,BelowTrend,,,-3.9000000000000057,-1.8500000000000056,7.0,Stable / Neutral,3UP,False,False,True,31.98191643397071,762.9,19,1,1.0,12.172406212131754,0.9526,0.4545,0.4981,19,1,15.6017,14.5116,Prime Standout,2.578099999999999,3.3116000000000003,2.8348,0.5266910457823447,0.5085146568800578,0.5190990661051089,0.0,0.936,money carlo,money carlo,1,1,0.96,0.9946012571729644,0.936,1.0,0.2500000000000004,1.0,1.0,0.8675504322766571,0.9823008849557522,1.0,,3.5457478003246745,47.64500000000002,43.45125,0.2820279546978588,45.45454545454545,47.65079365079365,28.64320899934804,28.528534113833725,3.5052624716356933,3.5,28.571428571428573,28.487328667600163,3.510332652346382,3.5,136.19227994227992,166.35982948655737,100.0,0.3178294573643411
2026-08-03,LEX,2,Sweet Sweet Time,"Zeron, Scott",1,2.0,3.0,5.0,1,780.7,3.6335,3.1244,Y,Y,Y,Y,4,Y,31.8,1.0,700.0,2.5,1.0,2026-08-03,1:20,PACE,6000.0,73.0,"FILLIES & MARES NW 1 (FM & KY PREF 2) PM RACE LIFE 5 YEAR OLDS AND UNDER G. Bobbitt - Listed 5, 8, 9",75.6,70.9,76.0,74.0,76.0,78.0,74.0,6,14.14,15.14,"1.91,39.30,1.20",26X?X623142,62.0,0,0,1,2,5,"2026-07-28,2026-07-22,2026-07-15",8,71.25,12.0,73.56,74.0,0.5600000000000023,15,9,1.667,74.1,lex20260803hmpXML.xml,8,0,2,2,2,2,0,136.44444444444446,Sweet Sweet Time,3.466666666666673,0.8107203902053355,0.1970629899839909,0.3501238178401041,1.209415795813904,1.2744232379284288,0.9039502194420492,1.4918727174805588,0.7292528890511699,1.3382377449620964,0.7116599948854883,0.0,Fresh,3.0,1.0,2.0,1.0,2.0,2.0,1.0,1.0,21.0,5/2,3.5,3.5,0.9035921357086196,90.4%,True,0.5465079365079365,1.829799593377868,0.2857142857142857,0.2607936507936508,Overlay,2026-08-03,PACE,,Chalk,"FILLIES & MARES NW 1 (FM & KY PREF 2) PM RACE LIFE 5 YEAR OLDS AND UNDER G. Bobbitt - Listed 5, 8, 9",73.0,6000.0,9,136.44444444444446,1,2,2,0,34.751,39.31,93.281,False,NW Condition,68,Mid,20260803,20260803,SLI,0.862,73.75,61.21555555555556,12.53,,,19.5,2.04,75.025,-0.0250000000000056,BelowTrend,,,-0.0250000000000056,2.044999999999994,4.0,Improving,,False,False,False,34.13781620678678,780.7,11,1,1.0,10.526133163806602,0.9526,0.2857,0.6669,6,1,16.2032,14.806,Prime Standout,3.1244,4.578899999999999,3.6335,0.6382970030031256,0.7031156427068777,0.6653543307086615,0.0,0.904,sweet sweet time,sweet sweet time,1,1,0.9166666666666666,0.9974756128290756,0.904,1.0,0.5319148936170225,1.0,1.0,0.8880691642651298,0.9901671583087512,1.0,,2.90639613095238,52.98500000000001,47.10958333333333,0.3440687211733645,28.571428571428573,54.65079365079366,41.25488539220985,41.27932481800394,2.422520243266796,2.4000000000000004,41.66666666666666,41.69013723967127,2.39864885608586,2.4000000000000004,130.5368242868243,132.47108343952243,100.0,0.3178294573643411
2026-08-03,LEX,6,Kaws,"Zeron, Scott",4,2.0,3.0,5.0,1,766.9,4.0164,3.5325000000000006,Y,Y,Y,Y,4,Y,31.8,1.0,700.0,2.5,1.0,2026-08-03,2:40,TROT,15000.0,56.0,KENTUCKY GOLDEN ROD SERIES 2 YEAR OLD COLTS & GELDINGS LEG 1 - 2ND DIVISION,76.3,52.1,63.0,60.0,63.0,65.0,60.0,20,30.97,31.97,"2.06,54.40,36.45",2-81,67.0,0,2,1,1,5,"2026-07-14,2026-07-07,2026-06-23",9,59.0,50.0,60.0,60.0,4.0,3,3,1.0,68.0,lex20260803hmpXML.xml,9,0,2,2,2,2,1,106.4,Kaws,5.366666666666663,-0.952392929190609,-0.911638637881373,-0.3954173897698619,0.9482732339301888,0.7854359432768875,0.7599660807542326,1.4918727174805588,0.7292528890511699,1.3337718577107005,0.4391550328268399,2.0,Layoff,1.0,1.0,1.0,1.0,1.0,1.0,1.0,2.0,23.0,9/5,2.8,2.8,0.8737602736976977,87.4%,True,0.5574603174603174,1.7938496583143508,0.3571428571428571,0.2003174603174602,Overlay,2026-08-03,TROT,,Wide Open,KENTUCKY GOLDEN ROD SERIES 2 YEAR OLD COLTS & GELDINGS LEG 1 - 2ND DIVISION,56.0,15000.0,7,106.4,1,1,2,1,3.01,5.854,10.276,False,"High (Unknown, purse≥13k)",91,Top,20260803,20260803,LI,0.598,60.67,44.0,16.67,,,32.0,,61.969,-0.9690000000000012,BelowTrend,,,-0.9690000000000012,0.3109999999999987,5.0,Stable / Neutral,3UP,False,False,True,32.45745527381935,766.9,16,1,1.0,12.248074770450255,0.9526,0.3571,0.5955,14,1,15.7943,14.2498,Prime Standout,3.5325000000000006,4.915000000000001,4.0164,0.721669492737339,0.7547256729573271,0.7354696941952023,0.0,0.8740000000000001,kaws,kaws,1,0,0.94,0.9978600339016892,0.8740000000000001,1.0,0.8351063829787233,0.0,1.0,0.8721613832853026,0.9852507374631267,1.0,,3.1101047321428563,47.24000000000001,42.58000000000001,0.3215325804513991,35.714285714285715,55.74603174603175,40.48353944551481,40.64301346577065,2.460447478487773,2.5,40.0,40.3778677462888,2.4766042780748663,2.5,116.85606060606062,137.70048891366852,100.0,0.3178294573643411
2026-08-03,LEX,8,Greenbow Runner,"Putnam, Joey",1,2.0,-1.0,1.0,1,771.5,3.649,2.9358000000000004,Y,Y,Y,Y,4,Y,31.8,1.0,700.0,2.5,1.0,2026-08-03,3:20,TROT,10000.0,52.0,"WILDCAT SERIES 2 YEAR OLD COLTS & GELDINGS N/W $7,500 IN 2026 (KY PROUD SERIES EARNINGS EXCLUDED) LEG 1 - 1ST DIVISION Entries Pursuant to 801 KAR",65.8,49.2,53.0,52.0,53.0,56.0,52.0,8,5.43,6.43,5.43,31-111-35,86.0,0,2,1,2,4,"2026-07-26,2026-07-17,2026-07-03",9,51.0,10.5,51.86,51.0,-0.1400000000000005,7,7,1.0,67.3,lex20260803hmpXML.xml,8,0,2,2,2,2,0,97.2,Greenbow Runner,3.5,-1.492281179360669,-1.0826617613286895,-0.9689106263929128,1.0120486274099798,-0.5056498968474316,0.7064157255597538,-2.141444092077357,0.7292528890511699,2.041241452319315,0.4391550328268399,0.0,Fresh,1.0,1.0,5.0,2.0,1.0,1.0,2.0,1.0,18.0,7/2,4.5,4.5,0.2050001461010219,20.5%,False,0.4942201976987581,2.023389583542536,0.2222222222222222,0.2719979754765359,Overlay,2026-08-03,TROT,,Chalk,"WILDCAT SERIES 2 YEAR OLD COLTS & GELDINGS N/W $7,500 IN 2026 (KY PROUD SERIES EARNINGS EXCLUDED) LEG 1 - 1ST DIVISION Entries Pursuant to 801 KAR",52.0,10000.0,7,97.2,0,1,2,1,5.257,8.778,15.348,False,NW Condition,66,Mid,20260803,20260803,LI,0.4,50.29,39.492,10.8,,,30.0,1.78,52.003,-0.0030000000000001,BelowTrend,,,-0.0030000000000001,1.397,4.0,Stable / Neutral,3UP,False,False,True,33.01792125370432,771.5,15,1,1.0,18.79770292712108,0.9526,0.2222,0.7304,34,1,15.2531,13.8499,Prime Standout,2.9358000000000004,4.973599999999999,3.649,0.5997671045373757,0.7637240299126268,0.6681926387108588,0.0,0.205,greenbow runner,greenbow runner,1,1,0.8833333333333333,0.995405509738906,0.205,1.0,0.5372340425531917,1.0,1.0,0.877463976945245,0.9862340216322516,1.0,,3.577834738095238,28.16166666666668,28.80708333333333,0.2794986558077801,22.22222222222222,49.42201976987581,41.0226237173983,41.32089142373314,2.4200833175289103,2.4000000000000004,41.66666666666666,41.06765043853269,2.435006603303817,2.4000000000000004,115.29581529581532,120.4750337529367,100.0,0.3178294573643411
2026-08-03,LEX,9,Special Ingredient,"Tetrick, Tim",6,3.0,3.0,6.0,1,753.7,3.9802,3.4769000000000005,Y,Y,Y,Y,4,Y,31.8,1.0,700.0,2.5,1.0,2026-08-03,3:40,TROT,10000.0,49.0,"WILDCAT SERIES 2 YEAR OLD COLTS & GELDINGS N/W $7,500 IN 2026 (KY PROUD SERIES EARNINGS EXCLUDED) LEG 1 - 2ND DIVISION D. Dunn - Listed 2, 4 Entries Pursuant to 801 KAR",63.4,44.6,50.0,50.0,50.0,52.0,50.0,8,63.19,64.19,63.19,2-532-24,67.0,0,3,0,1,4,"2026-07-26,2026-07-17,2026-07-03",8,47.33,10.5,49.5,50.5,0.5,7,6,1.167,63.3,lex20260803hmpXML.xml,8,0,2,2,2,2,0,98.5,Special Ingredient,1.7000000000000004,-1.4159926222714214,-1.3539398192106404,-1.140958597379828,0.6558161226516606,-0.1810714920850371,0.8574570042213693,1.4918727174805588,1.351532387000953,1.230073162128146,1.4638501094227998,0.0,Fresh,1.0,1.0,3.0,1.0,1.0,1.0,1.0,2.0,22.0,7/2,4.5,4.5,0.5963132107265882,59.6%,True,0.507883137079562,1.968956885928949,0.2222222222222222,0.2856609148573398,Overlay,2026-08-03,TROT,,Wide Open,"WILDCAT SERIES 2 YEAR OLD COLTS & GELDINGS N/W $7,500 IN 2026 (KY PROUD SERIES EARNINGS EXCLUDED) LEG 1 - 2ND DIVISION D. Dunn - Listed 2, 4 Entries Pursuant to 801 KAR",49.0,10000.0,7,98.5,1,1,2,2,4.546,5.678,15.402,False,NW Condition,65,Mid,20260803,20260803,,0.1,,,,,,42.9,,44.069,7.931000000000004,AboveTrend,,,7.931000000000004,9.241000000000003,1.0,Strong Improving,3UP,False,False,True,30.852366628452213,753.7,27,1,1.0,10.406692034398375,0.9526,0.2222,0.7304,25,1,15.4525,13.9219,Prime Standout,3.4769000000000005,4.915000000000001,3.9802,0.7103107315777647,0.7547256729573271,0.7288408716352316,0.0,0.596,special ingredient,special ingredient,1,1,0.8833333333333333,0.9959875713188476,0.596,1.0,0.25,1.0,1.0,0.8569452449567725,0.9744346116027532,1.0,,3.50112878517316,33.22291666666666,29.94625,0.2856221696942067,22.22222222222222,50.788313707956206,37.1210829881745,37.2423422123992,2.6851157596287463,2.7,37.03703703703704,37.01771802594605,2.701409090909091,2.7,114.57431457431456,136.81797409880423,99.99999999999996,0.3178294573643411
2026-08-03,LEX,10,Prince Willie,"Putnam, Joey",4,2.0,-1.0,1.0,1,738.0,3.5476,3.128300000000001,Y,Y,Y,Y,4,Y,31.8,1.0,700.0,2.5,1.0,2026-08-03,4:00,PACE,6300.0,80.0,NW 2 (FM OR KY PREF 3) PM RACES LIFE,84.6,76.0,87.0,80.0,87.0,88.0,80.0,19,16.82,17.82,"21.38,26.91,2.18",1111X1142-48,70.0,0,1,0,3,2,"2026-07-15,2026-07-08,2026-06-24",6,63.29,15.0,69.6,72.0,-10.400000000000006,11,10,1.1,81.6,lex20260803hmpXML.xml,8,0,2,2,2,2,0,152.5,Prince Willie,3.866666666666665,1.7529166722050165,0.4978277932878925,0.98096637812546,1.221260526147993,1.794879079239298,1.4635141170475814,-2.141444092077357,0.7292528890511699,0.8168779828974063,0.5892556509887895,2.0,Layoff,3.0,1.0,1.0,1.0,3.0,1.0,1.0,4.0,15.0,9/5,2.8,2.8,0.8339929766542474,83.4%,True,0.2972098152743314,3.364626430917086,0.3571428571428571,-0.0599330418685257,Underlay,2026-08-03,PACE,,Wide Open,NW 2 (FM OR KY PREF 3) PM RACES LIFE,80.0,6300.0,8,152.5,0,0,2,2,28.143,13.366,91.746,False,NW Condition,68,Mid,20260803,20260803,LI,0.66,74.6,70.0875,4.51,,,46.0,,78.61999999999999,9.38000000000001,AboveTrend,,,9.38000000000001,11.40000000000001,2.0,Strong Improving,3UP,False,False,True,28.94854031594342,738.0,31,1,1.0,5.950018123118927,0.9526,0.3571,0.5955,39,1,15.1467,13.7825,Prime Standout,3.128300000000001,4.3263,3.5476,0.6390937506384199,0.6643275033398338,0.6496246108771287,0.0,0.8340000000000001,prince willie,prince willie,1,0,0.94,0.9810633501053552,0.8340000000000001,1.0,0.5957446808510639,0.0,1.0,0.8388472622478387,0.9705014749262536,1.0,,2.5694960714285737,37.438333333333325,33.4975,0.3891813694986604,35.714285714285715,29.72098152743314,37.00588881604893,37.52460133120604,2.664918385604232,2.7,37.03703703703704,36.64691397213935,2.728742727860374,2.7,123.10606060606062,80.3141945196127,100.0,0.3178294573643411
2026-08-03,LEX,13,Robuchon,"Zeron, Scott",5,2.0,3.0,5.0,1,729.8,3.5081,3.3025,Y,Y,Y,Y,4,Y,31.8,1.0,700.0,2.5,1.0,2026-08-03,5:00,TROT,10000.0,54.0,"WILDCAT SERIES 2 YEAR OLD COLTS & GELDINGS N/W $7,500 IN 2026 (KY PROUD SERIES EARNINGS EXCLUDED) LEG 1 - 3RD DIVISION Entries Pursuant to 801 KAR",63.7,51.1,58.0,56.0,58.0,58.0,56.0,7,9.84,10.84,"9.63,10.04",3-5,50.0,0,1,1,1,1,"2026-07-27,2026-07-13",4,0.0,18.0,56.0,56.0,2.0,2,2,1.0,64.9,lex20260803hmpXML.xml,8,0,2,2,2,2,0,99.4,Robuchon,2.066666666666665,-1.3631774673634804,-0.9706121287252754,-0.6821640080813873,1.2350695629788733,0.4313310928137536,0.648381954386104,1.4918727174805588,0.7292528890511699,0.4201737228937285,0.4391550328268399,0.0,Fresh,1.0,1.0,2.0,1.0,2.0,2.0,1.0,2.0,17.0,5/2,3.5,3.5,0.4511967417614672,45.1%,True,0.2358259237819326,4.240415913412032,0.2857142857142857,-0.049888361932353,Underlay,2026-08-03,TROT,,Wide Open,"WILDCAT SERIES 2 YEAR OLD COLTS & GELDINGS N/W $7,500 IN 2026 (KY PROUD SERIES EARNINGS EXCLUDED) LEG 1 - 3RD DIVISION Entries Pursuant to 801 KAR",54.0,10000.0,7,99.4,0,0,1,2,2.481,4.436,7.291,False,NW Condition,66,Mid,20260803,20260803,SLI,1.7,58.0,42.7,15.3,,,49.6,,57.99999999999999,7.105427357601002e-15,AboveTrend,,,7.105427357601002e-15,1.480000000000007,3.0,Stable / Neutral,2UP,False,True,False,27.945179395579903,729.8,39,1,1.0,16.906797205255728,0.9526,0.2857,0.6669,43,1,15.1058,13.7568,Prime Standout,3.3025,3.890000000000001,3.5081,0.6746818116815462,0.5973312040292985,0.6423915033876579,0.0,0.451,robuchon,robuchon,1,1,0.9166666666666666,0.9716983281199282,0.451,1.0,0.3085106382978721,1.0,1.0,0.8293948126801153,0.9626352015732548,1.0,,3.352277264610387,28.777083333333334,26.672083333333333,0.2983046809871269,28.571428571428573,23.58259237819326,25.107052071929985,25.596321444585573,3.90681138367846,4.0,25.0,25.267993874425727,3.9575757575757575,4.0,114.5743145743146,93.92816134140618,100.0,0.3178294573643411
2026-08-03,LEX,14,When We Dance,"Tetrick, Tim",2,1.0,3.0,4.0,1,761.5,4.2273,4.164300000000001,Y,Y,Y,Y,4,Y,31.8,1.0,700.0,2.5,1.0,2026-08-03,5:20,PACE,5000.0,69.0,"CONDITION CLAIMER NW 2 (FM OR KY PREF 3) PM RACES OR $25,000 LIFE TO BE CLAIMED FOR $20,000 D. Tharps -- Listed 2, 5",70.8,66.5,71.0,70.0,71.0,72.0,70.0,7,12.32,13.32,"2.26,12.03,22.67",2-22-18-4X8-2,62.0,0,1,1,2,2,"2026-07-27,2026-07-08,2026-06-16",6,67.0,10.0,70.25,69.0,1.25,14,8,1.75,71.3,lex20260803hmpXML.xml,8,0,2,2,2,2,0,134.25,When We Dance,1.0666666666666675,0.681942697682887,-0.0624203697291796,0.0633771995285787,1.0606601717798223,1.457737973711325,1.0338647883737837,1.4918727174805588,0.106973391101387,1.042038889893364,-0.3535533905932737,0.0,Fresh,4.0,1.0,1.0,2.0,2.0,2.0,1.0,2.0,18.0,5/2,3.5,3.5,0.7381403259574314,73.8%,True,0.5465079365079365,1.829799593377868,0.2857142857142857,0.2607936507936508,Overlay,2026-08-03,PACE,,Chalk,"CONDITION CLAIMER NW 2 (FM OR KY PREF 3) PM RACES OR $25,000 LIFE TO BE CLAIMED FOR $20,000 D. Tharps -- Listed 2, 5",69.0,5000.0,8,134.25,1,1,2,1,18.996,31.988,59.159,False,Claimer,62,Mid,20260803,20260803,SLI,2.162,,,,,,28.6,,65.69999999999999,4.300000000000011,AboveTrend,,,4.300000000000011,6.230000000000012,2.0,Strong Improving,2UP,False,True,False,31.810553702559705,761.5,21,1,1.0,24.38399524312306,0.9526,0.2857,0.6669,17,1,15.6864,14.0608,Prime Standout,4.164300000000001,4.3444,4.2273,0.8507426096549472,0.6671068593277337,0.7740889946896172,0.0,0.738,when we dance,when we dance,1,1,0.9166666666666666,0.9974756128290756,0.738,1.0,0.1489361702127659,1.0,1.0,0.8659365994236312,0.9803343166175024,1.0,,2.738470654761905,44.057916666666685,38.91333333333335,0.3651673236889019,28.571428571428573,54.65079365079366,48.98527615752668,49.05662561775275,2.038460630765678,2.0,50.0,49.99799730507885,2.0000801110056043,2.0,123.66522366522366,111.56575595296806,99.99999999999996,0.3178294573643411
2026-08-03,NFLD,1,Smooth Baht A,"Farmer, Wyatt",2,3.0,1.0,4.0,1,758.0,3.8026,3.4095000000000013,Y,Y,Y,Y,4,Y,31.8,1.0,700.0,2.5,1.0,2026-08-03,6:00,PACE,7200.0,81.0,NON WINNERS $2500 IN LAST 4 STARTS. AE: N/W $750 PER START IN 2026. AE: CLAIMING $8000 (WITH ALLOWANCES). NO. 9 STARTS FROM 2ND TIER NORTHFIELD TRACKMAN SELECTIONS: 2-6-3-4-1,79.7,77.6,87.0,85.0,87.0,89.0,85.0,8,24.47,25.47,"71.00,1.00,1.40",1438214-367,50.0,0,1,1,2,1,"2026-07-26,2026-07-19,2026-07-13",5,83.33,11.1,84.7,85.5,3.700000000000003,6,10,0.6,77.7,nfl20260803hmpXML.xml,7,0,2,2,2,0,1,158.66666666666669,Smooth Baht A,2.566666666666668,0.1390170014269983,0.5921853786381359,0.98096637812546,1.4773773918083486,1.4385964912280709,1.508305810532772,-0.3247856872983992,1.351532387000953,-0.073621017383231,0.8432740427115677,0.0,Fresh,5.0,1.0,1.0,1.0,4.0,1.0,1.0,2.0,16.0,5/2,3.5,3.5,0.8029224610278309,80.3%,True,0.2512157332398275,3.980642402859905,0.2857142857142857,-0.0344985524744581,Underlay,2026-08-03,PACE,,Wide Open,NON WINNERS $2500 IN LAST 4 STARTS. AE: N/W $750 PER START IN 2026. AE: CLAIMING $8000 (WITH ALLOWANCES). NO. 9 STARTS FROM 2ND TIER NORTHFIELD TRACKMAN SELECTIONS: 2-6-3-4-1,81.0,7200.0,9,158.66666666666669,0,0,1,2,29.707,10.799,91.13,False,Claimer,63,Mid,20260803,20260803,,0.56,82.2,73.72888888888889,8.47,Value Play,,45.0,8.82,84.24,-6.239999999999995,BelowTrend,,,-6.239999999999995,-3.9699999999999953,8.0,Declining,,False,False,False,31.376515310966933,758.0,22,1,1.0,21.73821517197609,0.9526,0.2857,0.6669,12,1,15.8538,14.3915,Prime Standout,3.4095000000000013,4.532500000000001,3.8026,0.696541298085763,0.69599066382077,0.6963193554294085,0.0,0.8029999999999999,smooth baht a,smooth baht a,1,1,0.9166666666666666,0.9744761470891874,0.8029999999999999,1.0,0.3882978723404259,1.0,1.0,0.8619020172910663,0.9793510324483776,1.0,,2.433235218253969,40.38916666666663,34.71999999999998,0.4109754751608337,28.571428571428573,25.121573323982755,27.759185301278848,28.14553941836469,3.552960862237054,3.5,28.571428571428573,28.65255649631951,3.490089968511021,3.5,128.003663003663,90.4982370747942,100.0,0.3178294573643411
2026-08-03,NFLD,2,Bee Forever,"Noble, Dan",6,-1.0,3.0,2.0,1,857.7,4.876,4.281600000000001,Y,Y,Y,Y,4,Y,31.8,1.0,700.0,2.5,1.0,2026-08-03,6:22,TROT,5600.0,78.0,"NON WINNERS $1500 IN LAST 4 STARTS THAT ARE N/W $10,000 IN 2026. AE: N/W $500 (MARES $600) PER START IN 2026. NO. 9 STARTS FROM 2ND TIER NORTHFIELD",83.1,70.9,81.0,84.0,81.0,93.0,84.0,7,8.67,9.67,"11.20,3.00,11.80",26-288X76-4X31,40.0,0,2,0,0,4,"2026-07-27,2026-07-21,2026-06-29",6,86.0,12.5,85.0,87.0,7.0,1,10,0.1,73.7,nfl20260803hmpXML.xml,9,0,2,2,2,2,1,154.44444444444446,Bee Forever,3.6666666666666665,-0.2375463629271868,0.1970629899839909,0.6368704361516296,1.916666666666666,1.882058870989354,2.28458844828399,1.4918727174805588,-1.1375856047981787,-0.8797096918816172,-1.0540925533894598,0.0,Fresh,2.0,1.0,1.0,1.0,8.0,1.0,1.0,6.0,17.0,8/5,2.6,2.6,0.7501004601764117,75.0%,True,0.2623920015091492,3.811091779659799,0.3846153846153846,-0.1222233831062353,Underlay,2026-08-03,TROT,,Wide Open,"NON WINNERS $1500 IN LAST 4 STARTS THAT ARE N/W $10,000 IN 2026. AE: N/W $500 (MARES $600) PER START IN 2026. NO. 9 STARTS FROM 2ND TIER NORTHFIELD",78.0,5600.0,9,154.44444444444446,0,0,1,1,15.758,22.826,59.571,False,NW Condition,68,Mid,20260803,20260803,,-0.054,78.0,69.52444444444444,8.48,,,33.0,7.71,82.5,-3.5,BelowTrend,,,-3.5,-1.3000000000000005,5.0,Stable / Neutral,3UP,False,False,True,43.50953427640821,857.7,3,1,1.0,34.722972493767365,0.9526,0.3846,0.568,3,1,16.7332,14.8582,Prime Standout,4.281600000000001,5.98,4.876,0.8747063269934016,0.9182623650630348,0.8928767624977111,0.0,0.75,bee forever,bee forever,1,1,0.9466666666666668,0.9762891916000536,0.75,1.0,0.5638297872340429,1.0,1.0,0.9768299711815563,0.9980334316617504,1.0,,2.724183961038959,39.64583333333334,38.42625,0.3670824049704104,38.46153846153846,26.23920015091492,43.46334367429664,44.5074696296066,2.2468138681485383,2.2,45.45454545454545,44.70484858397232,2.2368938307030133,2.2,122.6419413919414,60.37087332153937,100.0,0.3178294573643411
2026-08-03,NFLD,5,Ts Cody,"Sugg, Kurt",1,3.0,2.0,5.0,1,787.8,3.9732,3.8412000000000006,Y,Y,Y,Y,4,Y,31.8,1.0,700.0,2.5,1.0,2026-08-03,7:28,PACE,10500.0,74.0,"NON WINNERS 2 PARI-MUTUEL RACES OR $20,000 LIFETIME. AE: N/W 4 PM RACES OR $30,000 LIFETIME CLAIMING PRICE $22,500 (WITH ALLOWANCES). NO. 9 STARTS FROM 2ND TIER NORTHFIELD",76.5,71.7,74.0,73.0,74.0,77.0,73.0,7,12.43,13.43,"3.00,7.40,26.90",2?248-62731,56.0,0,2,0,3,4,"2026-07-27,2026-07-19,2026-07-10",9,72.25,10.25,75.5,74.0,1.5,11,10,1.1,74.4,nfl20260803hmpXML.xml,6,0,0,2,2,2,0,142.77777777777777,Ts Cody,1.2000000000000028,-1.2780503960111198,0.2442417826591126,0.235425170515494,1.809523809523805,0.8951267821831324,1.4899374748244356,0.5835435150910797,1.351532387000953,1.078977737650816,0.8432740427115677,0.0,Fresh,2.0,1.0,2.0,1.0,1.0,1.0,1.0,1.0,20.0,5/2,3.5,3.5,0.8206041014991335,82.1%,True,0.6050199013972146,1.6528381920836492,0.2857142857142857,0.3193056156829289,Overlay,2026-08-03,PACE,,Wide Open,"NON WINNERS 2 PARI-MUTUEL RACES OR $20,000 LIFETIME. AE: N/W 4 PM RACES OR $30,000 LIFETIME CLAIMING PRICE $22,500 (WITH ALLOWANCES). NO. 9 STARTS FROM 2ND TIER NORTHFIELD",74.0,10500.0,9,142.77777777777777,1,1,2,3,27.715,15.664,93.458,False,Claimer,63,Mid,20260803,20260803,LI,0.654,70.11,66.19,3.92,Value Play,,46.4,,72.17699999999999,4.823000000000008,AboveTrend,,,4.823000000000008,6.903000000000008,2.0,Strong Improving,,False,False,False,34.998398213316975,787.8,9,1,1.0,13.357103161390144,0.9526,0.2857,0.6669,13,1,15.8007,14.2728,Prime Standout,3.8412000000000006,4.218400000000001,3.9732,0.7847351324848313,0.6477588563180444,0.7275590551181101,0.0,0.821,ts cody,ts cody,1,1,0.9166666666666666,0.999367902525192,0.821,1.0,0.1702127659574471,1.0,1.0,0.8962536023054755,0.992133726647001,1.0,,2.626250773809525,49.36333333333335,41.93166666666668,0.3807709492073537,28.571428571428573,60.50199013972146,45.75431061737055,45.82735636078852,2.182102742578524,2.2,45.45454545454545,45.75279281265897,2.185658925990892,2.2,120.07492507492506,132.2323281093257,100.0,0.3178294573643411
2026-08-03,NFLD,6,Fear The Hate,"Lems, Chris",5,3.0,2.0,5.0,1,714.0,3.7419,2.911100000000001,Y,Y,Y,Y,4,Y,31.8,1.0,700.0,2.5,1.0,2026-08-03,7:50,PACE,20000.0,92.0,OPEN HANDICAP NORTHFIELD HN 2 & HN 4 UNCOUPLED BY O.S.R.C PERMISSION,87.4,87.3,92.0,95.0,92.0,96.0,95.0,9,2.97,3.97,"1.10,2.60,5.20",1110-?-33-72-4-1,70.0,0,1,1,0,5,"2026-07-25,2026-07-11,2026-06-27",7,94.5,20.0,95.3,96.0,3.299999999999997,10,10,1.0,89.5,nfl20260803hmpXML.xml,7,0,2,2,2,0,1,180.28571428571428,Fear The Hate,1.7000000000000028,2.067134679060077,1.1642282398239887,1.2677129964369855,0.6803360514166131,1.3363062095621228,1.9772643900311155,0.5835435150910797,1.351532387000953,-0.6097317488106918,0.5855400437691198,1.0,Recent,5.0,1.0,1.0,2.0,5.0,1.0,2.0,6.0,19.0,3/1,4.0,4.0,0.959423986710664,95.9%,True,0.6021392239527101,1.6607454891172089,0.25,0.3521392239527101,Overlay,2026-08-03,PACE,,Wide Open,OPEN HANDICAP NORTHFIELD HN 2 & HN 4 UNCOUPLED BY O.S.R.C PERMISSION,92.0,20000.0,7,180.28571428571428,1,1,2,2,3.666,6.53,12.363,False,Open/Preferred,95,Top,20260803,20260803,SLI,1.328,89.67,87.52,2.15,Value Play,,33.4,10.23,91.569,-7.568999999999988,BelowTrend,,,-7.568999999999988,-4.988999999999988,7.0,Declining,2UP,False,True,False,26.02881648148097,714.0,58,1,1.0,10.68567152799272,0.9526,0.25,0.7026,16,1,15.7122,14.2733,Prime Standout,2.911100000000001,5.2849,3.7419,0.5947210361805146,0.8115258817929151,0.6852041750595128,0.0,0.959,fear the hate,fear the hate,1,1,0.9,0.999283347946672,0.959,1.0,0.2500000000000004,1.0,1.0,0.8111815561959654,0.943952802359882,1.0,,3.648473958333333,34.744166666666686,32.25375000000001,0.2740871968445711,25.0,60.213922395271005,40.51030199158412,40.74529521358632,2.4542710876384937,2.5,40.0,40.15720391770884,2.490213218154395,2.5,124.3997668997669,148.63854238307147,100.0,0.3178294573643411
2026-08-03,NFLD,7,Juju Hanover,"Rhoades, Braiden",5,3.0,1.0,4.0,1,736.9,4.5001,4.2544,Y,Y,Y,Y,4,Y,31.8,1.0,700.0,2.5,1.0,2026-08-03,8:12,PACE,7200.0,80.0,NON WINNERS $2500 IN LAST 4 STARTS. AE: N/W $750 PER START IN 2026. NO. 9 STARTS FROM 2ND TIER NORTHFIELD TRACKMAN SELECTIONS: 5-2-8-1-3,76.6,74.2,83.0,85.0,83.0,86.0,85.0,9,26.97,27.97,"43.10,7.60,30.20",29-98975554,10.0,0,3,0,2,0,"2026-07-25,2026-07-16,2026-07-10",5,85.0,13.0,85.2,85.0,5.200000000000003,7,10,0.7,75.2,nfl20260803hmpXML.xml,7,0,2,2,2,0,1,156.33333333333331,Juju Hanover,2.8999999999999964,-0.0690838051897912,0.3916755097688685,0.7515690834762397,1.8078106023414973,1.3018891098082384,1.4787066873817158,-0.3247856872983992,1.351532387000953,0.4507489358552087,0.8432740427115677,1.0,Recent,4.0,1.0,1.0,1.0,3.0,1.0,1.0,7.0,16.0,2/1,3.0,3.0,0.7891904747109949,78.9%,True,0.2941328921974083,3.399823775332296,0.3333333333333333,-0.0392004411359249,Underlay,2026-08-03,PACE,,Wide Open,NON WINNERS $2500 IN LAST 4 STARTS. AE: N/W $750 PER START IN 2026. NO. 9 STARTS FROM 2ND TIER NORTHFIELD TRACKMAN SELECTIONS: 5-2-8-1-3,80.0,7200.0,9,156.33333333333331,0,0,1,1,18.515,10.506,59.983,False,NW Condition,68,Mid,20260803,20260803,SLI,1.614,80.7,72.11777777777777,8.58,Value Play,,33.0,,82.28999999999999,1.710000000000008,AboveTrend,,,1.710000000000008,3.930000000000008,5.0,Improving,,False,False,False,28.812461379464526,736.9,32,1,1.0,25.045577674856588,0.9526,0.3333,0.6193,7,1,16.1476,14.4171,Prime Standout,4.2544,4.9565,4.5001,0.8691495229728903,0.761098229504169,0.8240432155282914,0.0,0.789,juju hanover,juju hanover,1,1,0.9333333333333332,0.9806869766607482,0.789,1.0,0.4414893617021272,1.0,1.0,0.8375792507204611,0.9695181907571288,1.0,,2.245305257936508,41.77249999999997,38.06583333333331,0.4453737399247999,33.333333333333336,29.413289219740832,36.00281811894751,36.70744804540193,2.7242427715572632,2.7,37.03703703703704,36.65950014784077,2.727805878332194,2.7,122.05905205905204,81.69718582185446,100.0,0.3178294573643411
2026-08-03,NFLD,12,Shady Maple Alstar,"Sugg, Kurt",4,3.0,2.0,5.0,1,772.4,4.1511,3.2439,Y,Y,Y,Y,4,Y,31.8,1.0,700.0,2.5,1.0,2026-08-03,10:02,TROT,7200.0,81.0,NON WINNERS $2500 IN LAST 4 STARTS. AE: N/W $750 PER START IN 2026. NO. 9 STARTS FROM 2ND TIER NORTHFIELD TRAINER CHANGE HN 6 T. LITT TO W. JOHNSON,81.6,77.0,83.0,85.0,83.0,86.0,85.0,7,36.07,37.07,"2.00,34.70,71.50",12X?81869-82,44.0,0,0,0,2,2,"2026-07-27,2026-07-19,2026-07-05",4,83.25,10.6,84.9,85.0,3.9000000000000057,6,10,0.6,79.3,nfl20260803hmpXML.xml,9,0,2,2,2,2,1,160.44444444444446,Shady Maple Alstar,2.066666666666663,0.2975699969445492,0.5568012841317949,0.7515690834762397,1.704025734460519,1.1454189074554872,2.2025860297429016,0.5835435150910797,1.351532387000953,0.1483313864966613,0.8432740427115677,0.0,Fresh,4.0,1.0,1.0,1.0,5.0,1.0,1.0,2.0,18.0,2/1,3.0,3.0,0.8976528686709467,89.8%,True,0.4549590189841735,2.198000167647597,0.3333333333333333,0.1216256856508402,Overlay,2026-08-03,TROT,,Wide Open,NON WINNERS $2500 IN LAST 4 STARTS. AE: N/W $750 PER START IN 2026. NO. 9 STARTS FROM 2ND TIER NORTHFIELD TRAINER CHANGE HN 6 T. LITT TO W. JOHNSON,81.0,7200.0,9,160.44444444444446,0,1,2,1,29.416,24.886,92.913,False,NW Condition,68,Mid,20260803,20260803,LI,0.766,79.89,74.88888888888889,5.0,Value Play,,38.0,3.21,81.723,-0.722999999999999,BelowTrend,,,-0.722999999999999,1.5670000000000006,5.0,Stable / Neutral,3UP,False,False,True,33.13346001483186,772.4,14,1,1.0,13.69208717258048,0.9526,0.3333,0.6193,8,1,16.1143,14.518,Prime Standout,3.2439,5.835800000000001,4.1511,0.662710167725592,0.8961196505075013,0.7601355063175241,0.0,0.898,shady maple alstar,shady maple alstar,1,1,0.9333333333333332,0.9935383578813914,0.898,1.0,0.3085106382978718,1.0,1.0,0.8785014409221902,0.9872173058013766,1.0,,2.352624603174602,44.18666666666668,42.70041666666667,0.4250571887459702,33.333333333333336,45.495901898417365,49.97499578050117,50.08904545352399,1.9964445138565636,2.0,50.0,49.19218997584292,2.0328430193717244,2.0,120.98595848595848,91.03733014454517,100.0,0.3178294573643411
2026-08-03,NFLD,15,Hope N Pray,"Farmer, Wyatt",3,3.0,1.0,4.0,1,731.8,3.0122,3.008700000000001,Y,Y,Y,Y,4,Y,31.8,1.0,700.0,2.5,1.0,2026-08-03,11:08,PACE,5600.0,77.0,"NON WINNERS $1500 IN LAST 4 STARTS THAT ARE N/W $10,000 IN 2026. AE: N/W $500 PER START IN 2026. AE: CLAIMING $5000 (WITH ALLOWANCES) THAT ARE N/W $2500 IN LAST 4 STARTS. NO. 9 STARTS FROM 2ND TIER NORTHFIELD",73.4,72.2,80.0,82.0,80.0,82.0,82.0,8,78.47,79.47,"89.20,66.50,79.70",4-3562-247-98,30.0,0,2,0,2,0,"2026-07-26,2026-07-20,2026-07-05",4,80.0,7.0,81.6,82.0,4.599999999999994,0,10,0.0,70.7,nfl20260803hmpXML.xml,7,0,2,2,2,0,1,152.77777777777777,Hope N Pray,0.4333333333333324,-0.386189796224893,0.2737285280810638,0.5795211124893245,1.015346165133619,1.16730806435111,0.8710889839195904,-0.3247856872983992,1.351532387000953,-0.5654592864533139,0.8432740427115677,0.0,Fresh,3.0,1.0,1.0,2.0,5.0,2.0,1.0,3.0,15.0,5/2,3.5,3.5,0.6541749465027736,65.4%,True,0.296060389986975,3.377689261450997,0.2857142857142857,0.0103461042726893,Neutral,2026-08-03,PACE,,Wide Open,"NON WINNERS $1500 IN LAST 4 STARTS THAT ARE N/W $10,000 IN 2026. AE: N/W $500 PER START IN 2026. AE: CLAIMING $5000 (WITH ALLOWANCES) THAT ARE N/W $2500 IN LAST 4 STARTS. NO. 9 STARTS FROM 2ND TIER NORTHFIELD",77.0,5600.0,9,152.77777777777777,0,0,2,2,37.14,9.238,91.733,False,Claimer,63,Mid,20260803,20260803,SLI,1.438,76.4,70.9588888888889,5.44,Value Play,,50.0,5.34,78.08,-3.0799999999999983,BelowTrend,,,-3.0799999999999983,-0.9299999999999984,6.0,Stable / Neutral,3UP,False,False,True,28.189395455556674,731.8,38,1,1.0,9.126371380642189,0.9526,0.2857,0.6669,52,1,14.8653,13.707,Prime Standout,3.008700000000001,3.018600000000001,3.0122,0.6146601564894075,0.4635228721035581,0.5515839589818714,0.0,0.654,hope n pray,hope n pray,1,1,0.9166666666666666,0.9809236662000478,0.654,1.0,0.0478723404255315,1.0,1.0,0.8317002881844381,0.9636184857423796,1.0,,2.8815363690476192,36.25291666666666,31.21916666666665,0.3470370913036615,28.571428571428573,29.606038998697507,30.09810528040362,30.526697212624963,3.275821137919987,3.5,28.571428571428573,29.56233615959527,3.382682595182595,3.5,124.8917748917749,98.36512538871844,100.0,0.3178294573643411
2026-08-03,OD,1,Free Shot,"Roberts, Jonathan",1,3.0,3.0,6.0,1,734.1,4.0035,3.712,Y,Y,Y,Y,4,Y,31.8,1.0,700.0,2.5,1.0,2026-08-03,6:40,PACE,28000.0,65.0,MARYLAND STANDARDBRED FUND 2 YEAR OLD COLTS & GELDINGS -1ST DIVISION Driver Choices: Russell Foster 4 over 6,74.5,64.1,55.0,57.0,55.0,55.0,57.0,22,3.8,4.8,3.80,1?,100.0,0,0,0,1,3,"2026-07-12,2026-07-05",4,57.0,8.0,58.5,58.5,-6.5,3,2,1.5,74.0,odx20260803hmpXML.xml,2,0,0,0,0,2,0,114.5,Free Shot,6.399999999999996,-1.4247381300876352,-0.2039567477545455,-0.8542119790683026,0.2886751345948128,-0.4885535617964408,0.7929281504348951,1.4918727174805588,1.351532387000953,0.5723367598583763,0.8856148855400952,2.0,Layoff,1.0,1.0,3.0,2.0,2.0,1.0,2.0,1.0,12.0,3/2,2.5,2.5,0.3091579886249142,30.9%,True,0.1459022145527753,6.853905563155674,0.4,-0.2540977854472246,Underlay,2026-08-03,PACE,,Wide Open,MARYLAND STANDARDBRED FUND 2 YEAR OLD COLTS & GELDINGS -1ST DIVISION Driver Choices: Russell Foster 4 over 6,65.0,28000.0,6,114.5,0,0,1,2,1.979,3.233,6.498,False,"High (Unknown, purse≥13k)",92,Top,20260803,20260803,SLI,1.1,,,,,,48.1,,55.0,0.0,OnTrend,,,0.0,1.51,6.0,Stable / Neutral,,False,False,False,28.478796814115373,734.1,35,1,1.0,20.22824739690129,0.9526,0.4,0.5526,42,1,15.1084,13.5689,Prime Standout,3.712,4.5449,4.0035,0.7583403133874032,0.6978947530058505,0.7331074894707929,0.0,0.309,free shot,free shot,1,0,0.95,0.943751671397345,0.309,1.0,1.0,0.0,1.0,0.8343515850144093,0.9665683382497542,1.0,,3.891517595238093,30.30291666666668,30.85041666666666,0.2569691580538305,40.0,14.590221455277538,16.349567179341403,17.07175829759059,5.857627448609873,6.0,16.666666666666668,16.844165563295142,5.936773752563228,6.0,119.98737373737374,89.2391908313824,99.99999999999996,0.3178294573643411
2026-08-03,OD,2,Special Mac,"Moyer, Jared",5,2.0,2.0,4.0,1,716.2,3.8334,3.2357,Y,Y,Y,Y,4,Y,31.8,1.0,700.0,2.5,1.0,2026-08-03,7:00,PACE,5500.0,62.0,"NW 1 EXT PM RACE OR $5,000 LIFETIME (5 YEAR OLDS & UNDER) Driver Choices: Tim Deaton 4 over 7 Maryland Owned, Sired or Bred Preferred",65.0,54.8,62.0,64.0,62.0,65.0,64.0,8,6.97,7.97,"3.20,16.50,1.20",5-843-732-333,60.0,0,3,1,0,3,"2026-07-26,2026-07-19,2026-07-13",7,64.0,5.5,63.9,64.0,1.8999999999999984,0,10,0.0,63.3,odx20260803hmpXML.xml,9,0,2,2,2,2,1,118.57142857142856,Special Mac,1.7666666666666682,-1.2179145519908705,-0.752410212602837,-0.452766713432167,0.7610917498101484,0.2540548953377888,0.4456012222266622,0.5835435150910797,0.7292528890511699,-0.8335818626828277,0.5640760748177662,0.0,Fresh,1.0,1.0,3.0,2.0,6.0,1.0,2.0,5.0,20.0,3/1,4.0,4.0,0.6484541290184744,64.8%,True,0.3380812245667933,2.9578690780044603,0.25,0.0880812245667933,Overlay,2026-08-03,PACE,,Chalk,"NW 1 EXT PM RACE OR $5,000 LIFETIME (5 YEAR OLDS & UNDER) Driver Choices: Tim Deaton 4 over 7 Maryland Owned, Sired or Bred Preferred",62.0,5500.0,8,118.57142857142856,0,1,1,1,29.313,7.843,92.153,False,Open/Preferred,91,Top,20260803,20260803,LI,0.466,57.1,50.89142857142857,6.21,,,29.0,10.89,59.47,-8.469999999999999,BelowTrend,,,-8.469999999999999,-6.77,8.0,Strong Declining,,False,False,False,26.29496967180819,716.2,53,1,1.0,10.060445940196312,0.9526,0.25,0.7026,29,1,15.3601,13.886,Prime Standout,3.2357,4.943299999999999,3.8334,0.6610349547488201,0.7590712958555348,0.7019593481047427,0.0,0.648,special mac,special mac,1,1,0.9,0.985412901714389,0.648,1.0,0.2606382978723406,1.0,1.0,0.8137175792507205,0.9488692232055064,1.0,,2.9909877678571406,34.75625000000001,32.53083333333334,0.3343377096845965,25.0,33.808122456679335,35.82917991956761,35.82881123126521,2.7910498998844044,2.8000000000000003,35.71428571428571,35.80245484534978,2.793104563135524,2.8000000000000003,124.59415584415584,94.3591858160714,100.0,0.3178294573643411
2026-08-03,OD,5,Mike Franks,"Wolfenden, Ross",4,2.0,2.0,4.0,1,858.4,5.0751,4.325799999999999,Y,Y,Y,Y,4,Y,31.8,1.0,700.0,2.5,1.0,2026-08-03,8:00,TROT,53400.0,57.0,MARYLAND STANDARDBRED FUND 2 YEAR OLD COLTS & GELDINGS Driver Choices: Anthony Morgan 3 over 2,64.1,52.6,61.0,62.0,61.0,61.0,62.0,14,18.05,19.05,"2.70,33.40",72,50.0,0,2,0,1,2,"2026-07-20,2026-07-08",5,63.0,6.75,61.5,61.5,4.5,1,2,0.5,56.7,odx20260803hmpXML.xml,9,0,2,2,2,2,1,123.33333333333334,Mike Franks,4.5666666666666655,-0.9760156302402672,-0.8821518924594218,-0.5101160370944722,0.1649572197684638,-0.3779644730092272,1.1482016478006054,0.5835435150910797,0.7292528890511699,0.0,0.4190990671703343,1.0,Recent,1.0,1.0,2.0,2.0,2.0,1.0,2.0,1.0,18.0,8/5,2.6,2.6,0.5721437419684207,57.2%,True,0.5574603174603174,1.7938496583143508,0.3846153846153846,0.1728449328449328,Overlay,2026-08-03,TROT,,Wide Open,MARYLAND STANDARDBRED FUND 2 YEAR OLD COLTS & GELDINGS Driver Choices: Anthony Morgan 3 over 2,57.0,53400.0,7,123.33333333333334,1,1,1,1,2.044,5.854,5.854,False,"High (Unknown, purse≥13k)",92,Top,20260803,20260803,,0.17,59.5,56.25,3.25,,,31.5,,59.95,1.0499999999999972,AboveTrend,,,1.0499999999999972,2.479999999999997,1.0,Improving,,False,False,False,43.59459597892571,858.4,2,1,1.0,27.58762185192173,0.9526,0.3846,0.568,2,1,16.8076,14.856,Prime Standout,4.325799999999999,6.4667,5.0751,0.8837361335267317,0.9929978655774456,0.9293352865775498,0.0,0.5720000000000001,mike franks,mike franks,1,1,0.9466666666666668,0.9978600339016892,0.5720000000000001,1.0,0.7074468085106385,1.0,1.0,0.9776368876080692,0.9990167158308751,1.0,,3.161275833333333,44.35291666666668,45.27208333333332,0.316327980448822,38.46153846153846,55.74603174603175,39.21431097285672,39.446595573624535,2.5350730157018604,2.5,40.0,39.53519794622348,2.529391660970609,2.5,125.3434065934066,142.157366438538,100.0,0.3178294573643411
2026-08-03,OD,10,Portnoy,"Davis, Eric",5,2.0,1.0,3.0,1,764.4,3.5582,3.4954,Y,Y,Y,Y,4,Y,31.8,1.0,700.0,2.5,1.0,2026-08-03,9:40,TROT,6500.0,76.0,"NW $2,501 (MDOSB $3,001) LAST 4 STARTS WINNERS FOR A PURSE > $7,500 SINCE 7/1/26 N/E AE: CLAIMING $7,500 Driver Choices: Maryland Owned, Sired or Bred Preferred",80.1,70.7,82.0,83.0,82.0,86.0,83.0,7,15.87,16.87,"14.80,31.70,1.10",64471566X63,20.0,0,2,0,0,1,"2026-07-27,2026-07-20,2026-06-22",3,79.0,10.0,83.2,82.0,7.200000000000003,1,10,0.1,79.2,odx20260803hmpXML.xml,9,0,2,2,2,2,1,150.0,Portnoy,1.466666666666664,0.3786183315631063,0.1852682918152103,0.6942197598139347,1.5799527548043,1.909188309203678,1.920087949404752,-0.3247856872983992,0.7292528890511699,-0.968913362199261,0.5640760748177662,0.0,Fresh,3.0,1.0,1.0,1.0,6.0,1.0,1.0,6.0,15.0,8/5,2.6,2.6,0.6766750389461438,67.7%,True,0.3781621962267124,2.6443679722033586,0.3846153846153846,-0.0064531883886722,Neutral,2026-08-03,TROT,,Wide Open,"NW $2,501 (MDOSB $3,001) LAST 4 STARTS WINNERS FOR A PURSE > $7,500 SINCE 7/1/26 N/E AE: CLAIMING $7,500 Driver Choices: Maryland Owned, Sired or Bred Preferred",76.0,6500.0,8,150.0,0,1,2,2,30.472,38.496,92.466,False,Open/Preferred,93,Top,20260803,20260803,,0.274,79.7,70.06125,9.64,,,46.0,6.02,81.59,-3.5900000000000034,BelowTrend,,,-3.5900000000000034,-1.4500000000000035,4.0,Stable / Neutral,3UP,False,False,True,32.160443675983586,764.4,17,1,1.0,16.838682293794463,0.9526,0.3846,0.568,23,1,15.4825,14.1142,Prime Standout,3.4954,3.6747,3.5582,0.7140901754887741,0.5642706877754403,0.6515656473173411,0.0,0.677,portnoy,portnoy,1,1,0.9466666666666668,0.9887652424389192,0.677,1.0,0.2127659574468079,1.0,1.0,0.8692795389048992,0.984267453294002,1.0,,2.53057142857143,41.32166666666666,39.40833333333335,0.3951676639945803,38.46153846153846,37.81621962267124,46.045969324353095,46.04553071164909,2.171763436200355,2.2,45.45454545454545,46.46553564443266,2.152132728334999,2.2,124.01098901098902,82.1271007594377,100.0,0.3178294573643411
2026-08-03,OD,12,Timestorm,"Braden, Corey",2,3.0,0.0,3.0,1,732.4,3.4682,2.087399999999999,Y,Y,Y,Y,4,Y,31.8,1.0,700.0,2.5,1.0,2026-08-03,10:20,TROT,7500.0,77.0,"NW $3,501 (MDOSB $4,201) LAST 4 STARTS AE: CLAIMING $10,000 Driver Choices: William R Carter 5 over 7 Jonathan Roberts 4 over 6 Maryland Owned, Sired or Bred Preferred",80.2,74.6,83.0,82.0,83.0,85.0,82.0,7,20.13,21.13,"20.80,19.60,20.00",11-42314X456,50.0,0,1,0,2,0,"2026-07-27,2026-07-20,2026-07-13",3,78.25,10.5,82.2,84.0,5.200000000000003,13,10,1.3,80.2,odx20260803hmpXML.xml,9,0,2,2,2,2,1,154.14285714285714,Timestorm,0.6333333333333352,0.5890703934861303,0.4152649061064289,0.7515690834762397,1.14476512903766,1.0635445160305017,1.475484774968017,-1.2331148896878783,1.351532387000953,1.4133232799037647,1.0058377612088023,0.0,Fresh,2.0,1.0,2.0,2.0,1.0,1.0,1.0,1.0,15.0,8/5,2.6,2.6,0.7107552512727133,71.1%,True,0.2623920015091492,3.811091779659799,0.3846153846153846,-0.1222233831062353,Underlay,2026-08-03,TROT,,Wide Open,"NW $3,501 (MDOSB $4,201) LAST 4 STARTS AE: CLAIMING $10,000 Driver Choices: William R Carter 5 over 7 Jonathan Roberts 4 over 6 Maryland Owned, Sired or Bred Preferred",77.0,7500.0,7,154.14285714285714,0,0,2,2,19.421,29.759,60.018,False,Open/Preferred,93,Top,20260803,20260803,SLI,1.2,79.4,72.80428571428571,6.6,,,42.0,7.39,81.08,-5.079999999999998,BelowTrend,,,-5.079999999999998,-2.9099999999999984,7.0,Declining,,False,False,False,28.26189767100702,732.4,37,1,1.0,4.351465182048919,0.9526,0.3846,0.568,36,1,15.199,13.8653,Prime Standout,2.087399999999999,6.0326,3.4682,0.4264438497211381,0.9263393885416826,0.6350851492400659,0.0,0.711,timestorm,timestorm,1,1,0.9466666666666668,0.9762891916000536,0.711,1.0,0.0797872340425532,1.0,1.0,0.8323919308357349,0.9646017699115044,1.0,,2.650689692460317,37.60041666666663,31.703333333333315,0.3772603043066199,38.46153846153846,26.23920015091492,36.01333074802544,36.417857850310725,2.7459056051850337,2.7,37.03703703703704,36.61070970937558,2.731441176470588,2.7,123.80952380952382,72.8596872488768,100.0,0.3178294573643411
2026-08-03,OD,13,Brooksforreal,"Griffith, Shane",6,-1.0,0.0,-1.0,1,813.8,3.7319,2.607000000000001,Y,Y,Y,Y,4,Y,31.8,1.0,700.0,2.5,1.0,2026-08-03,10:40,PACE,7500.0,82.0,"NW $3,501 (MDOSB $4,201) LAST 4 STARTS AE: CLAIMING $10,000 Driver Choices: Jonathan Roberts 2 over 1 Maryland Owned, Sired or Bred Preferred",80.3,78.2,84.0,84.0,84.0,86.0,84.0,7,18.43,19.43,"8.20,5.80,41.30",4671137861,40.0,0,1,0,2,3,"2026-07-27,2026-07-19,2026-07-12",6,83.0,9.0,84.4,84.5,2.4000000000000057,14,10,1.4,86.8,odx20260803hmpXML.xml,7,0,2,2,2,0,1,157.625,Brooksforreal,1.2999999999999972,0.7659589800162586,0.6275694731444778,0.8089184071385449,1.06426480467414,1.887225402094264,1.7491053859687211,-1.2331148896878783,-1.1375856047981787,1.3717278039544116,-1.1281521496355325,0.0,Fresh,1.0,1.0,1.0,1.0,1.0,1.0,1.0,4.0,12.0,3/2,2.5,2.5,0.3825357364877802,38.3%,True,0.2491358669626921,4.013874084817138,0.4,-0.1508641330373079,Underlay,2026-08-03,PACE,,Wide Open,"NW $3,501 (MDOSB $4,201) LAST 4 STARTS AE: CLAIMING $10,000 Driver Choices: Jonathan Roberts 2 over 1 Maryland Owned, Sired or Bred Preferred",82.0,7500.0,8,157.625,0,0,2,2,24.128,37.157,59.4,False,Open/Preferred,94,Top,20260803,20260803,,-1.23,80.2,74.08,6.12,,,46.0,2.39,81.94,0.0600000000000022,AboveTrend,,,0.0600000000000022,2.380000000000002,5.0,Improving,,False,False,False,38.17144177468269,813.8,6,1,1.0,21.04935483540824,0.9526,0.4,0.5526,33,1,15.2588,13.8237,Prime Standout,2.607000000000001,5.821100000000001,3.7319,0.5325951500541383,0.8938623834897044,0.6833730086064823,0.0,0.3829999999999999,brooksforreal,brooksforreal,1,1,0.95,0.9741207929334654,0.3829999999999999,1.0,0.1861702127659569,1.0,1.0,0.9262247838616716,0.9950835791543756,1.0,,2.994377797619049,38.74666666666663,36.06958333333333,0.3339591953944958,40.0,24.913586696269213,37.15344851506465,37.62093136961686,2.6580947456489943,2.7,37.03703703703704,36.92072469293347,2.708505882040277,2.7,121.90476190476193,67.05591995361473,100.0,0.3178294573643411
2026-08-03,PCD,2,Bella Artiste,"Napolitano, Geo. Jr",8,-1.0,2.0,1.0,1,734.1,2.9634,2.052900000000001,Y,Y,Y,Y,4,Y,31.8,1.0,700.0,2.5,1.0,2026-08-03,1:18,PACE,8000.0,77.0,"Mares Claiming Handicap $7,500-10,000 Post Positions by Price POCONO DOWNS D Rawlings 3 over 2 A Napolitano 4 over 8 Ariels Bet- Scratched",80.6,71.8,82.0,81.0,82.0,84.0,81.0,14,1.21,2.21,"0.50,0.30,2.83",46955615-41,20.0,0,1,1,0,3,"2026-07-20,2026-07-13,2026-06-24",5,79.5,11.0,80.8,80.5,3.799999999999997,7,10,0.7,79.5,pcd20260803hmpXML.xml,9,0,2,2,2,2,1,148.375,Bella Artiste,1.999999999999996,-0.0041540347062743,0.2501391317435025,0.6942197598139347,1.5256600284556971,1.422396509218171,1.392607302809408,0.5835435150910797,-1.1375856047981787,0.225402865139073,-1.0485032066517366,1.0,Recent,3.0,1.0,1.0,1.0,4.0,1.0,1.0,7.0,15.0,3/1,4.0,4.0,0.711414491667112,71.1%,True,0.2490727227306735,4.014891671141831,0.25,-0.0009272772693264,Neutral,2026-08-03,PACE,,Wide Open,"Mares Claiming Handicap $7,500-10,000 Post Positions by Price POCONO DOWNS D Rawlings 3 over 2 A Napolitano 4 over 8 Ariels Bet- Scratched",77.0,8000.0,8,148.375,0,0,2,2,23.322,37.936,60.179,False,Claimer,63,Mid,20260803,20260803,,-0.584,77.1,68.9725,8.13,,,46.0,,79.16999999999999,-4.169999999999988,BelowTrend,,,-4.169999999999988,-2.1399999999999872,7.0,Declining,3UP,False,False,True,28.4685812863854,734.1,35,1,1.0,1.3096893628259352,0.9526,0.25,0.7026,37,1,15.1989,14.0593,Prime Standout,2.052900000000001,4.654300000000001,2.9634,0.4193956975627696,0.7146937333968032,0.5426478666910822,0.0,0.711,bella artiste,bella artiste,1,1,0.9,0.9741099116446474,0.711,1.0,0.2978723404255313,1.0,1.0,0.8343515850144093,0.9665683382497542,1.0,,3.133566021825398,32.49249999999998,26.745416666666664,0.3191252372009923,25.0,24.90727227306736,31.937569325252184,32.113397445641866,3.113965134622375,3.0,33.333333333333336,32.95887152288321,3.034084462830301,3.0,124.38242313242314,77.98737599412063,100.0,0.3178294573643411
2026-08-03,PCD,3,Celtic Wave,"Kelly, Colin",3,0.0,1.0,1.0,1,827.6,4.7642,4.305399999999999,Y,Y,Y,Y,4,Y,31.8,1.0,700.0,2.5,1.0,2026-08-03,1:36,PACE,20000.0,66.0,The Stallion Series 2 Yr. Old Colts & Geldings 1st division of 5 POCONO DOWNS Tokaji- Line TBA,75.5,62.7,71.0,75.0,71.0,74.0,75.0,9,15.4,16.4,"40.00,1.10,5.10",2225,75.0,1,3,0,1,4,"2026-07-25,2026-07-14,2026-07-06",9,73.67,23.0,74.75,74.0,8.75,4,4,1.0,74.7,pcd20260803hmpXML.xml,9,0,2,2,2,2,1,129.71428571428572,Celtic Wave,2.366666666666667,-1.1957918337806743,-0.2865196349360083,0.0633771995285787,1.4442378344043003,1.1579407091921203,1.2800832183254378,-0.3247856872983992,-0.5153061068483958,0.7166048101451461,-0.6123724356957945,1.0,Recent,1.0,1.0,1.0,1.0,2.0,1.0,1.0,2.0,19.0,5/2,3.5,3.5,0.6360299799265621,63.6%,True,0.6274603174603175,1.593726283835062,0.2857142857142857,0.3417460317460318,Overlay,2026-08-03,PACE,,Chalk,The Stallion Series 2 Yr. Old Colts & Geldings 1st division of 5 POCONO DOWNS Tokaji- Line TBA,66.0,20000.0,7,129.71428571428572,1,1,1,0,26.589,59.395,61.789,False,"High (Unknown, purse≥13k)",92,Top,20260803,20260803,,-0.37,68.5,59.15428571428571,9.35,,,0.8,,70.14999999999999,3.850000000000009,AboveTrend,,,3.850000000000009,5.650000000000009,1.0,Improving,,False,False,False,39.847359483133744,827.6,4,1,1.0,33.324303889261074,0.9526,0.2857,0.6669,5,1,16.2065,14.3745,Prime Standout,4.305399999999999,5.616199999999999,4.7642,0.8795685305113483,0.8623988452620425,0.8724043215528291,0.0,0.636,celtic wave,celtic wave,1,1,0.9166666666666666,1.0,0.636,1.0,0.3563829787234044,1.0,1.0,0.9421325648414988,0.9970501474926252,1.0,,3.089323630952381,45.27583333333334,44.10124999999999,0.3236954490558565,28.571428571428573,62.74603174603174,65.56255869468802,65.7602692684654,1.5206750384757608,1.5,66.66666666666667,66.00184713740748,1.5151091118982272,1.5,127.06460206460208,95.70406188420392,100.0,0.3178294573643411
2026-08-03,PCD,7,Stepabovetherest,"Buter, Tyler",3,0.0,2.0,2.0,1,754.9,3.7449,3.335099999999999,Y,Y,Y,Y,4,Y,31.8,1.0,700.0,2.5,1.0,2026-08-03,2:48,PACE,11000.0,80.0,"Mares NW $5,500 in Last 5 Starts or $2,500 PS Avg in 26 Starters in a class higher than NW10500L4/5 or a winner this class or higher in Last Start ineligible AE: Starters in NW4500L4/5 or less in Last Start AE: Opt. Claiming $15,000 PA Preferred",80.3,76.3,81.0,83.0,81.0,83.0,83.0,7,6.11,7.11,"0.20,2.80,15.34",1732-57-6631,50.0,0,1,1,0,4,"2026-07-27,2026-07-20,2026-07-08",6,80.0,13.5,82.9,83.5,2.9000000000000057,4,10,0.4,79.3,pcd20260803hmpXML.xml,8,0,2,2,2,2,0,157.5,Stepabovetherest,0.8666666666666648,0.578551147424844,0.515519840541063,0.6368704361516296,0.4790701375804085,1.4856276627199718,1.3084991276255018,0.5835435150910797,-0.5153061068483958,-0.579750904364203,-0.4493585171364586,0.0,Fresh,3.0,1.0,1.0,2.0,5.0,1.0,1.0,3.0,16.0,9/2,5.5,5.5,0.7259041542194024,72.6%,True,0.2623920015091492,3.811091779659799,0.1818181818181818,0.0805738196909673,Overlay,2026-08-03,PACE,,Chalk,"Mares NW $5,500 in Last 5 Starts or $2,500 PS Avg in 26 Starters in a class higher than NW10500L4/5 or a winner this class or higher in Last Start ineligible AE: Starters in NW4500L4/5 or less in Last Start AE: Opt. Claiming $15,000 PA Preferred",80.0,11000.0,8,157.5,0,0,1,1,28.065,15.266,91.3,False,Open/Preferred,93,Top,20260803,20260803,,-0.138,78.3,73.86125,4.44,,,29.0,3.9,79.71,-1.7099999999999935,BelowTrend,,,-1.7099999999999935,0.5500000000000062,4.0,Stable / Neutral,,False,False,False,30.996830201772376,754.9,26,1,1.0,21.769551085987786,0.9526,0.1818,0.7708,32,1,15.2697,13.8296,Prime Standout,3.335099999999999,4.505999999999999,3.7449,0.6813418047355408,0.6919214409655573,0.6857535249954221,0.0,0.726,stepabovetherest,stepabovetherest,1,1,0.85,0.9762891916000536,0.726,1.0,0.1170212765957442,1.0,1.0,0.8583285302593661,0.975417895771878,1.0,,3.9123855277777766,26.324583333333337,24.59166666666668,0.2555985326343841,18.181818181818183,26.23920015091492,36.52186231825078,37.53439502931531,2.664223039212367,2.7,37.03703703703704,37.68007362959927,2.653922627195872,2.7,129.965034965035,71.84518665085325,100.0,0.3178294573643411
2026-08-03,PCD,10,Shalom Hanover,"Roy, Louis",4,3.0,1.0,4.0,1,715.7,4.1759,3.453900000000001,Y,Y,Y,Y,4,Y,31.8,1.0,700.0,2.5,1.0,2026-08-03,3:42,PACE,65946.0,74.0,Pennsylvania Sire Stakes 2 Yr. Old Colts & Geldings 2nd division of 2 POCONO DOWNS #1 & #6- Uncoupled per PHRC,89.2,73.0,81.0,79.0,81.0,81.0,79.0,9,0.6,1.6,"0.20,1.00",1-1,100.0,0,0,0,0,6,"2026-07-25,2026-07-10",6,78.5,44.5,78.5,78.5,4.5,6,2,3.0,88.1,pcd20260803hmpXML.xml,9,0,2,2,2,2,1,144.66666666666669,Shalom Hanover,4.466666666666669,-0.2409611635175495,0.3209073207561855,0.6368704361516296,1.3257574399669676,1.7188791273808215,1.4044153733348237,-0.3247856872983992,1.351532387000953,1.5840819949091185,1.107018606925119,1.0,Recent,5.0,1.0,1.0,1.0,1.0,1.0,1.0,1.0,19.0,2/1,3.0,3.0,0.8922971042177725,89.2%,True,0.6274603174603175,1.593726283835062,0.3333333333333333,0.2941269841269842,Overlay,2026-08-03,PACE,,Chalk,Pennsylvania Sire Stakes 2 Yr. Old Colts & Geldings 2nd division of 2 POCONO DOWNS #1 & #6- Uncoupled per PHRC,74.0,65946.0,6,144.66666666666669,1,2,2,0,21.691,14.588,61.789,False,Stakes,88,High,20260803,20260803,,0.5,80.0,67.82000000000001,12.18,Value Play,,0.0,2.53,80.3,-1.2999999999999972,BelowTrend,,,-1.2999999999999972,0.7400000000000027,6.0,Stable / Neutral,2UP,False,True,False,26.2303183308986,715.7,54,1,1.0,16.438330505494342,0.9526,0.3333,0.6193,4,1,16.4166,14.8108,Prime Standout,3.453900000000001,5.5168,4.1759,0.7056119634721856,0.84713542066551,0.7646767991210401,0.0,0.892,shalom hanover,shalom hanover,1,1,0.9333333333333332,1.0,0.892,1.0,0.6914893617021283,1.0,1.0,0.8131412103746398,0.9478859390363816,1.0,,3.141370446428569,42.05833333333333,41.39916666666669,0.3183324020689449,33.333333333333336,62.74603174603174,42.23672835025443,42.280063104006736,2.365180954295296,2.4000000000000004,41.66666666666666,41.39948951005415,2.415488721804512,2.4000000000000004,124.17027417027418,148.5579830561231,100.0,0.3178294573643411
2026-08-03,PRC,3,Heinikin Bythebay,"Switzer, Kevin Jr",5,3.0,2.0,5.0,1,738.5,4.485,4.079599999999999,Y,Y,Y,Y,4,Y,31.8,1.0,700.0,2.5,1.0,2026-08-03,4:40,PACE,14000.0,85.0,"NW $5,000 LAST 4 STARTS (MASS BRED/OWNED $6,250) STARTERS HIGHER THAN NW $7,500 LAST START NOT ELIGIBLE AE: CLAIMING PRICE $17,500",87.3,81.5,88.0,88.0,88.0,89.0,88.0,14,7.57,8.57,"1.60,0.30,20.80",3-532447-8X1-5,40.0,0,0,0,1,3,"2026-07-20,2026-07-04,2026-06-11",4,85.5,20.75,88.0,89.0,3.0,10,10,1.0,86.1,prc20260803hmpXML.xml,9,0,2,2,2,2,1,166.625,Heinikin Bythebay,1.4999999999999951,0.3097981569939775,0.8221819929293552,1.038315701787765,1.1576657001992077,1.6013451715297051,1.864272497622732,0.5835435150910797,1.351532387000953,0.3935704744159831,1.5691428559330032,1.0,Recent,5.0,1.0,1.0,1.0,3.0,1.0,1.0,4.0,18.0,5/2,3.5,3.5,0.9476373678453934,94.8%,True,0.6274603174603175,1.593726283835062,0.2857142857142857,0.3417460317460318,Overlay,2026-08-03,PACE,,Chalk,"NW $5,000 LAST 4 STARTS (MASS BRED/OWNED $6,250) STARTERS HIGHER THAN NW $7,500 LAST START NOT ELIGIBLE AE: CLAIMING PRICE $17,500",85.0,14000.0,8,166.625,1,1,2,1,17.302,19.256,59.88,False,Claimer,64,Mid,20260803,20260803,SLI,1.3,84.3,79.985,4.31,Value Play,,15.7,,85.71,-10.709999999999994,BelowTrend,,,-10.709999999999994,-8.439999999999992,7.0,Strong Declining,2UP,False,True,False,29.01245849022042,738.5,30,1,1.0,16.208113711729027,0.9526,0.2857,0.6669,10,1,16.0725,14.3478,Prime Standout,4.079599999999999,5.2379,4.485,0.8334388853704875,0.8043087695591419,0.8212781541842153,0.0,0.948,heinikin bythebay,heinikin bythebay,1,1,0.9166666666666666,1.0,0.948,1.0,0.2180851063829778,1.0,1.0,0.8394236311239194,0.9714847590953786,1.0,,2.610573134920634,41.58875000000003,38.54250000000003,0.3830576460867478,28.571428571428573,62.74603174603174,54.62895436506373,54.807392378252985,1.824571388287376,1.8,55.55555555555556,55.10750869275195,1.814634745285674,1.8,122.25690975690976,114.85856259800396,100.0,0.3178294573643411
2026-08-03,PRC,11,Sweet Jeff Ir,"Switzer, Kevin Jr",3,0.0,2.0,2.0,1,704.6,3.1872,2.8984999999999985,Y,Y,Y,Y,4,Y,31.8,1.0,700.0,2.5,1.0,2026-08-03,7:20,PACE,12000.0,81.0,"***MUST HAVE MADE 2 OF LAST 3 STARTS AT PLAINRIDGE*** NW $3,001 LAST 4 STARTS (MASS BRED/OWNED $3,750) STARTERS HIGHER THAN NW $5,000 LAST START NOT ELIGIBLE AE: CLAIMING PRICE $12,500",81.0,78.2,84.0,85.0,84.0,89.0,85.0,7,17.03,18.03,"4.70,0.30,46.10",6136968-826,30.0,0,0,0,0,2,"2026-07-27,2026-07-16,2026-07-09",2,82.5,15.75,85.1,84.5,4.099999999999994,13,10,1.3,78.9,prc20260803hmpXML.xml,9,0,2,2,2,2,1,160.0,Sweet Jeff Ir,1.4333333333333325,-0.2304438194675103,0.6275694731444778,0.8089184071385449,1.6856711659880317,1.425393290199596,1.1437749838597422,0.5835435150910797,-0.5153061068483958,0.9843495818960264,-0.2364331218717302,0.0,Fresh,5.0,1.0,1.0,1.0,1.0,1.0,1.0,1.0,13.0,2/1,3.0,3.0,0.6734815572556726,67.3%,True,0.2623920015091492,3.811091779659799,0.3333333333333333,-0.0709413318241841,Underlay,2026-08-03,PACE,,Wide Open,"***MUST HAVE MADE 2 OF LAST 3 STARTS AT PLAINRIDGE*** NW $3,001 LAST 4 STARTS (MASS BRED/OWNED $3,750) STARTERS HIGHER THAN NW $5,000 LAST START NOT ELIGIBLE AE: CLAIMING PRICE $12,500",81.0,12000.0,7,160.0,0,0,2,3,39.559,15.851,91.3,True,Claimer,63,Mid,20260803,20260803,,-0.634,79.9,75.87285714285714,4.03,,,54.0,5.72,82.63,-2.6299999999999955,BelowTrend,,,-2.6299999999999955,-0.3399999999999957,7.0,Stable / Neutral,,False,False,False,24.88962757685909,704.6,64,1,1.0,9.912466307437406,0.9526,0.3333,0.6193,45,1,15.0758,13.8502,Prime Standout,2.8984999999999985,3.7234,3.1872,0.5921469284357185,0.5717488444942647,0.5836293719099065,0.0,0.6729999999999999,sweet jeff ir,sweet jeff ir,1,1,0.9333333333333332,0.9762891916000536,0.6729999999999999,1.0,0.207446808510638,1.0,1.0,0.8003458213256485,0.9380530973451328,1.0,,2.788815845959596,32.431250000000006,28.05958333333333,0.3585751283824597,33.333333333333336,26.23920015091492,29.67849707020499,29.837947117066204,3.3514370009324037,3.5,28.571428571428573,28.813358765980208,3.470612392404232,3.5,122.47905320485964,88.41148555752551,100.0,0.3178294573643411
2026-08-03,STGA,1,Lou John'S Action,"Dobson, Billy",7,-1.0,2.0,1.0,1,877.8,5.461,4.8949,Y,Y,Y,Y,4,Y,31.8,1.0,700.0,2.5,1.0,2026-08-03,12:00,TROT,9200.0,63.0,"3-Year-Olds & Under - Non-Winners 1 Ext. P-M race or $12,500 life (NY Breds Allowed $2,500 life) (2 YO Maidens DI) AE: 4 YO Maidens (Min 10 lifetime starts) (Winners of consecutive starts in this class or higher Inel) SARATOGA",73.1,53.4,76.0,74.0,76.0,81.0,74.0,11,9.78,10.78,"5.77,3.18,20.38",285663-22,50.0,0,2,1,2,5,"2026-07-23,2026-07-13,2026-06-24",10,69.33,18.5,74.0,72.0,11.0,1,8,0.125,72.7,stg20260803hmpXML.xml,9,0,2,2,2,2,1,126.0,Lou John'S Action,5.8666666666666645,-2.063584696168096,-0.8349730997843001,0.3501238178401041,2.046218883391999,2.171983740497144,2.008535680219895,0.5835435150910797,-1.1375856047981787,-1.221757899493964,-1.512048386322556,1.0,Recent,1.0,1.0,1.0,1.0,8.0,1.0,1.0,8.0,20.0,3/1,4.0,4.0,0.6670182275750892,66.7%,True,0.4852798663324978,2.060666574851949,0.25,0.2352798663324978,Overlay,2026-08-03,TROT,,Wide Open,"3-Year-Olds & Under - Non-Winners 1 Ext. P-M race or $12,500 life (NY Breds Allowed $2,500 life) (2 YO Maidens DI) AE: 4 YO Maidens (Min 10 lifetime starts) (Winners of consecutive starts in this class or higher Inel) SARATOGA",63.0,9200.0,8,126.0,0,1,2,1,20.009,31.757,61.322,False,Maiden,52,Low,20260803,20260803,,-0.566,68.5,57.23375,11.27,,,34.0,,72.25,8.75,AboveTrend,,,8.75,10.42,1.0,Strong Improving,3UP,False,False,True,45.94591507517204,877.8,1,1,1.0,32.156353487680235,0.9526,0.25,0.7026,1,1,17.2936,15.1936,Prime Standout,4.8949,6.5123,5.461,1.0,1.0,1.0,0.0,0.667,lou john's action,lou john's action,1,1,0.9,0.9950068981431504,0.667,1.0,0.9148936170212768,1.0,1.0,1.0,1.0,1.0,,2.9435188248556976,39.53666666666664,35.995416666666685,0.3397294393213279,25.0,48.52798663324978,50.28460824136112,50.350815428114224,1.9860651540543537,2.0,50.0,50.60023930784685,1.976275238376046,2.0,125.75813075813076,96.50664155584204,100.0,0.3178294573643411
2026-08-03,STGA,9,Jeffery J,"Devaux, Jim",4,2.0,2.0,4.0,1,718.7,2.6884,2.3078000000000003,Y,Y,Y,Y,4,Y,31.8,1.0,700.0,2.5,1.0,2026-08-03,2:40,TROT,9000.0,80.0,"Non-Winners $5,000 (F& M $6,000) last 5 starts Non-Winners last 3 Allowed $500 AE: N/W $15,000 or 2 Ext. P-M races in 2026 (Min 15 starts) Opt. Clm. $12,000 SARATOGA",79.1,77.4,82.0,83.0,82.0,84.0,83.0,7,23.28,24.28,"12.35,37.51,19.98",526-216746-4,30.0,0,1,0,3,0,"2026-07-27,2026-07-13,2026-07-08",4,82.33,13.0,83.0,83.0,3.0,14,10,1.4,79.3,stg20260803hmpXML.xml,7,0,2,2,2,0,1,158.625,Jeffery J,0.5999999999999991,0.4511787207925756,0.580390680469356,0.6942197598139347,0.7576144084141578,1.692228224453299,1.0348632694815858,0.5835435150910797,0.7292528890511699,1.1611452817506815,0.5040161287741853,0.0,Fresh,4.0,1.0,1.0,2.0,1.0,2.0,1.0,2.0,15.0,2/1,3.0,3.0,0.7442693454480804,74.4%,True,0.2612425762217928,3.827859970080099,0.3333333333333333,-0.0720907571115404,Underlay,2026-08-03,TROT,,Wide Open,"Non-Winners $5,000 (F& M $6,000) last 5 starts Non-Winners last 3 Allowed $500 AE: N/W $15,000 or 2 Ext. P-M races in 2026 (Min 15 starts) Opt. Clm. $12,000 SARATOGA",80.0,9000.0,8,158.625,0,0,3,3,32.29,3.08,91.283,True,NW Condition,68,Mid,20260803,20260803,,0.418,78.9,74.69875,4.2,,,63.0,6.7,80.43,-4.430000000000007,BelowTrend,,,-4.430000000000007,-2.170000000000007,5.0,Declining,2UP,False,True,False,26.597205551727097,718.7,52,1,1.0,9.27806573503495,0.9526,0.3333,0.6193,54,1,14.8564,13.8226,Prime Standout,2.3078000000000003,3.395299999999999,2.6884,0.4714703058285154,0.5213672588793512,0.4922907892327413,0.0,0.7440000000000001,jeffery j,jeffery j,1,1,0.9333333333333332,0.9761098854139432,0.7440000000000001,1.0,0.0744680851063826,1.0,1.0,0.816599423631124,0.9498525073746312,1.0,,3.381981808261183,33.61833333333335,28.15625,0.2956846182783406,33.333333333333336,26.12425762217929,25.210453276571176,25.457354858208,3.928137882233977,4.0,25.0,24.99303068642378,4.001115401115401,4.0,124.0501210259275,103.6247041478518,100.0,0.3178294573643411
2026-08-03,STGA,12,Marcello Hanover,"Derue, Jordan",1,3.0,2.0,5.0,1,756.1,3.6889,3.1651999999999987,Y,Y,Y,Y,4,Y,31.8,1.0,700.0,2.5,1.0,2026-08-03,3:40,TROT,9700.0,75.0,"5-Year-Olds & Under - N/W 2 (F& M 3) Ext. P-M races or $25,000 life All Ages - $12,000 Clm for N/W 5 (F& M 6) Ext. P-M races or $55,000 life (NY Breds Allowed 1 win and $5,000 life) (Winners of consecutive starts in this class or higher Inel)",74.4,73.7,77.0,75.0,77.0,78.0,75.0,14,3.23,4.23,"4.92,2.22,2.55",1322123226,90.0,0,0,0,1,4,"2026-07-20,2026-07-08,2026-06-30",5,74.57,9.7,75.2,75.0,0.2000000000000028,21,10,2.1,74.6,stg20260803hmpXML.xml,6,0,2,2,2,0,0,144.75,Marcello Hanover,0.8333333333333334,-0.6183183645815027,0.3621887643469173,0.4074731415024092,1.6651988842008218,0.8160150140436477,0.7560339927435074,0.5835435150910797,1.351532387000953,1.455213750217998,1.1760376338064324,1.0,Recent,2.0,2.0,2.0,1.0,1.0,2.0,1.0,1.0,16.0,5/2,3.5,3.5,0.7831136297801291,78.3%,True,0.2510633647522588,3.9830582251088975,0.2857142857142857,-0.0346509209620268,Underlay,2026-08-03,TROT,,Wide Open,"5-Year-Olds & Under - N/W 2 (F& M 3) Ext. P-M races or $25,000 life All Ages - $12,000 Clm for N/W 5 (F& M 6) Ext. P-M races or $55,000 life (NY Breds Allowed 1 win and $5,000 life) (Winners of consecutive starts in this class or higher Inel)",75.0,9700.0,8,144.75,0,0,1,2,28.211,10.457,91.128,False,NW Condition,68,Mid,20260803,20260803,LI,0.77,74.8,69.135,5.66,Value Play,,41.0,,75.75999999999999,-4.759999999999991,BelowTrend,,,-4.759999999999991,-2.789999999999991,8.0,Declining,,False,False,False,31.14409848804984,756.1,24,1,1.0,18.18627824653409,0.9526,0.2857,0.6669,26,1,15.4318,14.0133,Prime Standout,3.1651999999999987,4.661399999999999,3.6889,0.6466322090338922,0.7157839780108408,0.6754989928584507,0.0,0.7829999999999999,marcello hanover,marcello hanover,1,1,0.9166666666666666,0.974450314136261,0.7829999999999999,1.0,0.1117021276595743,1.0,1.0,0.8597118155619597,0.9773844641101278,1.0,,2.9335516369047623,34.36833333333332,29.2575,0.3408837217725324,28.571428571428573,25.106336475225888,32.15679137327075,32.63183687991419,3.064491906110036,3.0,33.333333333333336,33.00985754032239,3.029398108666401,3.0,129.6042846042846,78.0747562273725,100.0,0.3178294573643411
2026-08-03,WBSB,2,Gloryview Image,"Macdonald, James A",3,-1.0,1.0,0.0,1,813.1,5.1217,4.7981,Y,Y,Y,Y,4,Y,31.8,1.0,700.0,2.5,1.0,2026-08-03,7:06,PACE,12000.0,75.0,"POP UP SERIES: HORSES & GELDINGS CLAIMING $8,000. ALLOWANCES FOR AGE. (MUST RACE IN 2 LEGS TO BE ELIGIBLE TO FINAL). LEG 1.",74.4,73.1,78.0,76.0,78.0,81.0,76.0,11,1.73,2.73,"1.05,1.65,2.50",611241-7611,60.0,0,1,0,0,6,"2026-07-23,2026-07-13,2026-07-07",7,74.5,9.3,75.5,75.0,0.5,21,10,2.1,74.6,wbs20260803hmpXML.xml,6,0,2,2,2,0,0,143.625,Gloryview Image,2.63333333333333,1.064579546316489,0.3268046698405754,0.4648224651647143,1.9623680401171173,1.400044802150515,1.2460613881120728,-0.3247856872983992,-1.1375856047981787,2.178258090013501,-0.724568837309472,1.0,Recent,2.0,1.0,1.0,1.0,1.0,1.0,1.0,1.0,13.0,2/1,3.0,3.0,0.425864530875748,42.6%,True,0.2326100975893142,4.2990395101658665,0.3333333333333333,-0.100723235744019,Underlay,2026-08-03,PACE,,Chalk,"POP UP SERIES: HORSES & GELDINGS CLAIMING $8,000. ALLOWANCES FOR AGE. (MUST RACE IN 2 LEGS TO BE ELIGIBLE TO FINAL). LEG 1.",75.0,12000.0,8,143.625,0,0,1,1,27.417,15.363,90.812,False,Claimer,63,Mid,20260803,20260803,,-0.498,74.7,66.6075,8.09,,,29.0,7.8,76.59,-5.590000000000003,BelowTrend,,,-5.590000000000003,-3.560000000000004,4.0,Declining,,False,False,False,38.08301663060072,813.1,7,1,1.0,35.17683281744811,0.9526,0.3333,0.6193,9,1,16.0754,14.1059,Prime Standout,4.7981,5.7226,5.1217,0.9802243151034752,0.8787371589146692,0.9378685222486725,0.0,0.426,gloryview image,gloryview image,1,1,0.9333333333333332,0.971071452274262,0.426,1.0,0.3989361702127655,1.0,1.0,0.9254178674351584,0.9941002949852508,1.0,,3.271210089285713,36.531666666666645,35.16249999999999,0.3056972718674745,33.333333333333336,23.261009758931426,34.99673784303931,36.01523256822167,2.776602922404444,2.8000000000000003,35.71428571428571,35.80360521116035,2.793014820999897,2.8000000000000003,153.22510822510824,66.46622283270305,100.0,0.3178294573643411
2026-08-03,WBSB,3,Satu Wania,"Henry, Trevor S",5,2.0,1.0,3.0,1,786.9,3.5985,3.018799999999999,Y,Y,Y,Y,4,Y,31.8,1.0,700.0,2.5,1.0,2026-08-03,7:29,TROT,20000.0,67.0,"4 YEAR OLDS & YOUNGER, NW 1 (WINNERS FOR A PURSE OF $10,500 OR LESS 3 RACES) RACE OR $10,000 LIFETIME. NO ALLOWANCES.",73.5,63.6,76.0,71.0,76.0,82.0,71.0,14,14.2,15.2,"4.95,34.90,2.75",8274-366244,30.0,0,2,0,1,2,"2026-07-20,2026-07-12,2026-07-02",5,67.5,22.5,70.8,68.0,3.799999999999997,7,10,0.7,69.9,wbs20260803hmpXML.xml,9,0,2,2,2,2,1,122.22222222222224,Satu Wania,3.899999999999999,-0.7448275973467464,-0.2334434931764962,0.3501238178401041,1.882603679208625,2.0769629848679734,2.094605946805532,-0.3247856872983992,0.7292528890511699,0.3428293620803114,1.3333333333333333,1.0,Recent,6.0,1.0,1.0,1.0,3.0,1.0,1.0,2.0,17.0,4/1,5.0,5.0,0.7268578919551065,72.7%,True,0.5200976800976801,1.9227157479575547,0.2,0.3200976800976801,Overlay,2026-08-03,TROT,,Wide Open,"4 YEAR OLDS & YOUNGER, NW 1 (WINNERS FOR A PURSE OF $10,500 OR LESS 3 RACES) RACE OR $10,000 LIFETIME. NO ALLOWANCES.",67.0,20000.0,9,122.22222222222224,1,1,2,1,34.154,31.895,93.188,False,NW Condition,67,Mid,20260803,20260803,SLI,1.3,69.89,57.31888888888889,12.57,,,34.9,,73.523,-4.522999999999996,BelowTrend,,,-4.522999999999996,-2.7929999999999966,8.0,Declining,,False,False,False,34.89112722035391,786.9,10,1,1.0,2.732044414029012,0.9526,0.2,0.7526,11,1,15.9815,14.5977,Prime Standout,3.018799999999999,4.6752,3.5985,0.6167235285705528,0.7179030450071404,0.6589452481230543,0.0,0.727,satu wania,satu wania,1,1,0.8666666666666667,0.9964820386336408,0.727,1.0,0.6010638297872342,1.0,1.0,0.8952161383285303,0.991150442477876,1.0,,3.7611965456349226,37.107916666666654,33.67708333333334,0.2658728380362243,20.0,52.00976800976801,55.91186136612705,55.83053801626452,1.7911344499468742,1.8,55.55555555555556,55.22291293333284,1.810842541405299,1.8,159.47510822510822,93.02099185929976,100.0,0.3178294573643411
2026-08-03,WBSB,4,Th Francesca,"Macdonald, Mark J",6,3.0,-1.0,2.0,1,790.0,3.9811,3.5448000000000004,Y,Y,Y,Y,4,Y,31.8,1.0,700.0,2.5,1.0,2026-08-03,7:52,TROT,30000.0,61.0,ONTARIO SIRES STAKES: GRASSROOTS LEG 3A. 2 YEAR OLD TROTTING FILLIES. STARTING FEE $400 CDN ($315 USD).,72.3,58.0,63.0,62.0,63.0,63.0,62.0,11,36.6,37.6,"4.55,68.65",2-2,100.0,0,2,1,1,4,"2026-07-23,2026-07-09",8,62.0,30.0,62.0,62.0,1.0,0,2,0.0,71.0,wbs20260803hmpXML.xml,9,0,2,2,2,2,1,118.88888888888889,Th Francesca,1.0666666666666675,-1.026630137566849,-0.5636950419023494,-0.3954173897698619,1.137070487229922,0.1295047816476347,1.2424989003647364,-2.141444092077357,1.351532387000953,-1.0460754963739567,2.0,1.0,Recent,1.0,1.0,3.0,1.0,7.0,2.0,1.0,4.0,19.0,3/1,4.0,4.0,0.5610638718160987,56.1%,True,0.4765079365079365,2.0986009327115256,0.25,0.2265079365079365,Overlay,2026-08-03,TROT,,Wide Open,ONTARIO SIRES STAKES: GRASSROOTS LEG 3A. 2 YEAR OLD TROTTING FILLIES. STARTING FEE $400 CDN ($315 USD).,61.0,30000.0,9,118.88888888888889,0,1,2,1,34.42,20.14,93.012,False,Stakes,87,High,20260803,20260803,SLI,1.2,61.5,53.66666666666666,7.83,,,38.0,,61.95,1.0500000000000045,AboveTrend,,,1.0500000000000045,2.660000000000004,3.0,Improving,2UP,False,True,False,35.270238484652474,790.0,8,1,1.0,23.82809722554177,0.9526,0.25,0.7026,28,1,15.4211,13.8902,Prime Standout,3.5448000000000004,4.791500000000001,3.9811,0.7241823122024966,0.7357615588962426,0.7290056766160043,0.0,0.561,th francesca,th francesca,1,1,0.9,0.9946012571729644,0.561,1.0,0.1489361702127659,1.0,1.0,0.8987896253602305,0.993117010816126,1.0,,3.0203421726190443,35.70124999999998,35.62166666666668,0.3310883147828463,25.0,47.65079365079365,46.01267945734836,46.05746609856826,2.171200642822784,2.2,45.45454545454545,45.670735406931854,2.1895859374496105,2.2,160.91741591741592,103.5601364944716,100.0,0.3178294573643411
2026-08-03,YR,8,Verdun,"Lachance, Pat",1,3.0,2.0,5.0,1,750.7,2.9259,2.6036,Y,Y,Y,Y,4,Y,31.8,1.0,700.0,2.5,1.0,2026-08-03,9:05,PACE,33000.0,94.0,"NW $30,000 IN LAST 5 STARTS. AE: NW 12 P-M RACES LT OR CLAIMING ALLOWANCE $75,000 (L) TREATED WITH LASIX",89.4,92.0,97.0,95.0,97.0,98.0,95.0,7,5.72,6.72,"5.84,9.79,1.54",212112-8-335,80.0,0,2,0,2,2,"2026-07-27,2026-07-20,2026-07-13",6,93.5,43.0,94.5,95.0,0.5,14,10,1.4,89.4,yrx20260803hmpXML.xml,6,0,2,2,2,0,0,186.375,Verdun,0.4333333333333371,0.9771086798039814,1.4414036467903295,1.554459614748511,0.3600411499115479,1.4862422695900164,1.175927117664039,0.5835435150910797,1.351532387000953,0.678387430559568,1.1281521496355325,0.0,Fresh,5.0,1.0,1.0,2.0,3.0,1.0,1.0,1.0,17.0,2/1,3.0,3.0,0.9443760476329752,94.4%,True,0.4852798663324978,2.060666574851949,0.3333333333333333,0.1519465329991645,Overlay,2026-08-03,PACE,,Wide Open,"NW $30,000 IN LAST 5 STARTS. AE: NW 12 P-M RACES LT OR CLAIMING ALLOWANCE $75,000 (L) TREATED WITH LASIX",94.0,33000.0,8,186.375,0,1,3,3,7.914,11.843,18.79,True,Claimer,65,Mid,20260803,20260803,LI,0.786,94.2,90.60875,3.59,Value Play,,63.0,7.63,95.34,-5.340000000000003,BelowTrend,,,-5.340000000000003,-2.660000000000004,6.0,Declining,,False,False,False,30.487821992959223,750.7,29,1,1.0,13.63846306667157,0.9526,0.3333,0.6193,30,1,15.3052,14.1801,Prime Standout,2.6036,3.5245,2.9259,0.5319005495515742,0.541206639743255,0.5357809924922176,0.0,0.944,verdun,verdun,1,1,0.9333333333333332,0.9950068981431504,0.944,1.0,0.0478723404255322,1.0,1.0,0.8534870317002883,0.9724680432645034,1.0,,3.770067562229439,43.06666666666668,34.98291666666667,0.2652472358900241,33.333333333333336,48.52798663324978,35.3670148287573,35.434246474046056,2.822128588884919,2.8000000000000003,35.71428571428571,35.13136440806172,2.846459330143541,2.8000000000000003,123.45709845709848,137.21256054042524,100.0,0.3178294573643411
